Workbook
Name labs: Labs!#REF!

Sheet Summary
A1: ***Please summarize your answers for each question using tables/text/figures here***
A2: Ameya, Gurjar
A3: GPA: 3.56 | B3: Arizona State University
A6: Q1
A7: Total Units | B7: Column Labels
A8: Row Labels | B8: Med A | C8: Med B | D8: Grand Total
A9: Jul | B9: 4303700 | D9: 4303700
A10: Aug | B10: 4477100 | D10: 4477100
A11: Sep | B11: 849900 | C11: 535 | D11: 850435
A12: Oct | C12: 393 | D12: 393
A13: Nov | B13: 75300 | C13: 420 | D13: 75720
A14: Dec | B14: 10200 | C14: 1 | D14: 10201
A15: Grand Total | B15: 9716200 | C15: 1349 | D15: 9717549
A44: Q2
A45: Distinct Count of ID | B45: Column Labels
A46: Row Labels | B46: Med A | C46: Med B | D46: Grand Total
A47: Jul 2012 | B47: 92 | D47: 92
A48: Aug 2012 | B48: 92 | D48: 92
A49: Sep 2012 | B49: 73 | C49: 76 | D49: 87
A50: Oct 2012 | C50: 66 | D50: 66
A51: Nov 2012 | B51: 4 | C51: 72 | D51: 76
A52: Grand Total | B52: 110 | C52: 97 | D52: 126
A79: Q3
A80: Medication | B80: July | C80: August | D80: September | E80: October | F80: November
A81: Med A | B81: =IFERROR(ROUND(B9/B47,0),"No patients") -> 46779 | C81: =IFERROR(ROUND(B10/B48,0),"No patients") -> 48664 | D81: =IFERROR(ROUND(B11/B49,0),"No patients") -> 11642 | E81: =IFERROR(ROUND(B12/B50,0),"No patients") -> No patients | F81: =IFERROR(ROUND(B13/B51,0),"No patients") -> 18825
A82: Med B | B82: =IFERROR(ROUND(C9/C47,0),"No patients") -> No patients | C82: =IFERROR(ROUND(C10/C48,0),"No patients") -> No patients | D82: =ROUND(C11/C49,0) -> 7 | E82: =ROUND(C12/C50,0) -> 6 | F82: =ROUND(C13/C51,0) -> 6
A112: Helper Table | B112: for Q4 to Q11
B113: Column Labels
B114: Med A | D114: Med B | N114: (Months on B) | O114: Since Medicine B is given only once a month
A115: Row Labels | B115: First Date | C115: Last Date | D115: First Date | E115: Last Date | F115: Switched from A to B | G115: Started B Directly | H115: First B Month | I115: Weeks on Med A | J115: Months on Med A | K115: Total A Units | L115: Average Monthly A Units | M115: Total B Units | N115: No. of B Doses | O115: Average Monthly B Units | P115: First Med B Units | Q115: Second B Dose Date | R115: Second B Dose Units | S115: B2 vs B1 | T115: Avg Lab B on A | U115: Avg Lab B on B
A116: 1 | B116: 41092 | C116: 41157 | D116: 41164 | E116: 41241 | F116: =IF(AND(NOT(ISBLANK(B116)),NOT(ISBLANK(D116)),D116 > B116), "Yes", "No") -> Yes | G116: =IF(AND(ISBLANK(B116), NOT(ISBLANK(D116))), "Yes", "No") -> No | H116: =IF(NOT(ISBLANK(D116)), TEXT(D116, "mmm yyyy"), "Never Started B") -> Sep 2012 | I116: =IF(OR(B116="",C116=""),"", ((C116-B116)+1)/7) -> 9.4285714 | J116: =IF(I116="","", I116/4.33) -> 2.1774992 | K116: =SUMIFS( Admin!$D:$D, Admin!$A:$A, $A116, Admin!$B:$B, "Med A", Admin!$C:$C, ">=" & $B116, Admin!$C:$C, "<=" & $C116 ) -> 43800 | L116: =IF(AND(B116="",C116=""), "Never took A", IF(B116=C116, K116, IF(J116=0, 0, K116/J116) ) ) -> 20114.818 | M116: =SUMIFS(Admin!$D:$D,Admin!$A:$A,$A116, Admin!$B:$B,"Med B") -> 8 | N116: =COUNTIFS(Admin!$A:$A,$A116, Admin!$B:$B,"Med B") -> 3 | O116: =IF(N116=0,"Never took B",M116/N116) -> 2.6666667 | P116: =IF(D116="", "Never took B", SUMIFS(Admin!$D:$D, Admin!$A:$A,$A116, Admin!$B:$B,"Med B", Admin!$C:$C,D116) ) -> 4 | Q116: =IF(D116="","", EDATE(DATE(YEAR(D116),MONTH(D116),1),1) ) -> 41183 | R116: =IF(Q116="","", SUMIFS(Admin!$D:$D, Admin!$A:$A,$A116, Admin!$B:$B,"Med B", Admin!$C:$C,">="&Q116, Admin!$C:$C,"<"&EDATE(Q116,1)) ) -> 3 | S116: =IF(P116="Never took B","Never took B", IF(R116="No 2nd dose","No 2nd dose", IF(R116=P116,"Same", IF(R116>P116,"Higher","Lower") ) ) ) -> Lower | T116: =IFERROR( AVERAGEIFS( Labs!$D:$D, Labs!$A:$A,$A116, Labs!$C:$C,"LAB B", Labs!$B:$B,"<"&$D116 ), "" ) -> 10.38 | U116: =IFERROR( AVERAGEIFS( Labs!$D:$D, Labs!$A:$A,$A116, Labs!$C:$C,"LAB B", Labs!$B:$B,">="&$D116 ), "" ) -> 11.133333
A117: 2 | B117: 41093 | C117: 41139 | D117: 41165 | E117: 41165 | F117: =IF(AND(NOT(ISBLANK(B117)),NOT(ISBLANK(D117)),D117 > B117), "Yes", "No") -> Yes | G117: =IF(AND(ISBLANK(B117), NOT(ISBLANK(D117))), "Yes", "No") -> No | H117: =IF(NOT(ISBLANK(D117)), TEXT(D117, "mmm yyyy"), "Never Started B") -> Sep 2012 | I117: =IF(OR(B117="",C117=""),"", ((C117-B117)+1)/7) -> 6.7142857 | J117: =IF(I117="","", I117/4.33) -> 1.5506434 | K117: =SUMIFS( Admin!$D:$D, Admin!$A:$A, $A117, Admin!$B:$B, "Med A", Admin!$C:$C, ">=" & $B117, Admin!$C:$C, "<=" & $C117 ) -> 26900 | L117: =IF(AND(B117="",C117=""), "Never took A", IF(B117=C117, K117, IF(J117=0, 0, K117/J117) ) ) -> 17347.638 | M117: =SUMIFS(Admin!$D:$D,Admin!$A:$A,$A117, Admin!$B:$B,"Med B") -> 3 | N117: =COUNTIFS(Admin!$A:$A,$A117, Admin!$B:$B,"Med B") -> 1 | O117: =IF(N117=0,"Never took B",M117/N117) -> 3 | P117: =IF(D117="", "Never took B", SUMIFS(Admin!$D:$D, Admin!$A:$A,$A117, Admin!$B:$B,"Med B", Admin!$C:$C,D117) ) -> 3 | Q117: =IF(D117="","", EDATE(DATE(YEAR(D117),MONTH(D117),1),1) ) -> 41183 | R117: =IF(Q117="","", SUMIFS(Admin!$D:$D, Admin!$A:$A,$A117, Admin!$B:$B,"Med B", Admin!$C:$C,">="&Q117, Admin!$C:$C,"<"&EDATE(Q117,1)) ) -> 0 | S117: =IF(P117="Never took B","Never took B", IF(R117="No 2nd dose","No 2nd dose", IF(R117=P117,"Same", IF(R117>P117,"Higher","Lower") ) ) ) -> Lower | T117: =IFERROR( AVERAGEIFS( Labs!$D:$D, Labs!$A:$A,$A117, Labs!$C:$C,"LAB B", Labs!$B:$B,"<"&$D117 ), "" ) -> 11.085714 | U117: =IFERROR( AVERAGEIFS( Labs!$D:$D, Labs!$A:$A,$A117, Labs!$C:$C,"LAB B", Labs!$B:$B,">="&$D117 ), "" ) -> 11.78
A118: 3 | B118: 41092 | C118: 41094 | F118: =IF(AND(NOT(ISBLANK(B118)),NOT(ISBLANK(D118)),D118 > B118), "Yes", "No") -> No | G118: =IF(AND(ISBLANK(B118), NOT(ISBLANK(D118))), "Yes", "No") -> No | H118: =IF(NOT(ISBLANK(D118)), TEXT(D118, "mmm yyyy"), "Never Started B") -> Never Started B | I118: =IF(OR(B118="",C118=""),"", ((C118-B118)+1)/7) -> 0.42857143 | J118: =IF(I118="","", I118/4.33) -> 0.098977235 | K118: =SUMIFS( Admin!$D:$D, Admin!$A:$A, $A118, Admin!$B:$B, "Med A", Admin!$C:$C, ">=" & $B118, Admin!$C:$C, "<=" & $C118 ) -> 200 | L118: =IF(AND(B118="",C118=""), "Never took A", IF(B118=C118, K118, IF(J118=0, 0, K118/J118) ) ) -> 2020.6667 | M118: =SUMIFS(Admin!$D:$D,Admin!$A:$A,$A118, Admin!$B:$B,"Med B") -> 0 | N118: =COUNTIFS(Admin!$A:$A,$A118, Admin!$B:$B,"Med B") -> 0 | O118: =IF(N118=0,"Never took B",M118/N118) -> Never took B | P118: =IF(D118="", "Never took B", SUMIFS(Admin!$D:$D, Admin!$A:$A,$A118, Admin!$B:$B,"Med B", Admin!$C:$C,D118) ) -> Never took B | Q118: =IF(D118="","", EDATE(DATE(YEAR(D118),MONTH(D118),1),1) ) | R118: =IF(Q118="","", SUMIFS(Admin!$D:$D, Admin!$A:$A,$A118, Admin!$B:$B,"Med B", Admin!$C:$C,">="&Q118, Admin!$C:$C,"<"&EDATE(Q118,1)) ) | S118: =IF(P118="Never took B","Never took B", IF(R118="No 2nd dose","No 2nd dose", IF(R118=P118,"Same", IF(R118>P118,"Higher","Lower") ) ) ) -> Never took B | T118: =IFERROR( AVERAGEIFS( Labs!$D:$D, Labs!$A:$A,$A118, Labs!$C:$C,"LAB B", Labs!$B:$B,"<"&$D118 ), "" ) | U118: =IFERROR( AVERAGEIFS( Labs!$D:$D, Labs!$A:$A,$A118, Labs!$C:$C,"LAB B", Labs!$B:$B,">="&$D118 ), "" )
A119: 4 | B119: 41092 | C119: 41157 | D119: 41164 | E119: 41227 | F119: =IF(AND(NOT(ISBLANK(B119)),NOT(ISBLANK(D119)),D119 > B119), "Yes", "No") -> Yes | G119: =IF(AND(ISBLANK(B119), NOT(ISBLANK(D119))), "Yes", "No") -> No | H119: =IF(NOT(ISBLANK(D119)), TEXT(D119, "mmm yyyy"), "Never Started B") -> Sep 2012 | I119: =IF(OR(B119="",C119=""),"", ((C119-B119)+1)/7) -> 9.4285714 | J119: =IF(I119="","", I119/4.33) -> 2.1774992 | K119: =SUMIFS( Admin!$D:$D, Admin!$A:$A, $A119, Admin!$B:$B, "Med A", Admin!$C:$C, ">=" & $B119, Admin!$C:$C, "<=" & $C119 ) -> 36200 | L119: =IF(AND(B119="",C119=""), "Never took A", IF(B119=C119, K119, IF(J119=0, 0, K119/J119) ) ) -> 16624.576 | M119: =SUMIFS(Admin!$D:$D,Admin!$A:$A,$A119, Admin!$B:$B,"Med B") -> 4 | N119: =COUNTIFS(Admin!$A:$A,$A119, Admin!$B:$B,"Med B") -> 2 | O119: =IF(N119=0,"Never took B",M119/N119) -> 2 | P119: =IF(D119="", "Never took B", SUMIFS(Admin!$D:$D, Admin!$A:$A,$A119, Admin!$B:$B,"Med B", Admin!$C:$C,D119) ) -> 3 | Q119: =IF(D119="","", EDATE(DATE(YEAR(D119),MONTH(D119),1),1) ) -> 41183 | R119: =IF(Q119="","", SUMIFS(Admin!$D:$D, Admin!$A:$A,$A119, Admin!$B:$B,"Med B", Admin!$C:$C,">="&Q119, Admin!$C:$C,"<"&EDATE(Q119,1)) ) -> 0 | S119: =IF(P119="Never took B","Never took B", IF(R119="No 2nd dose","No 2nd dose", IF(R119=P119,"Same", IF(R119>P119,"Higher","Lower") ) ) ) -> Lower | T119: =IFERROR( AVERAGEIFS( Labs!$D:$D, Labs!$A:$A,$A119, Labs!$C:$C,"LAB B", Labs!$B:$B,"<"&$D119 ), "" ) -> 10.78 | U119: =IFERROR( AVERAGEIFS( Labs!$D:$D, Labs!$A:$A,$A119, Labs!$C:$C,"LAB B", Labs!$B:$B,">="&$D119 ), "" ) -> 12.02
A120: 5 | B120: 41096 | C120: 41136 | D120: 41164 | E120: 41227 | F120: =IF(AND(NOT(ISBLANK(B120)),NOT(ISBLANK(D120)),D120 > B120), "Yes", "No") -> Yes | G120: =IF(AND(ISBLANK(B120), NOT(ISBLANK(D120))), "Yes", "No") -> No | H120: =IF(NOT(ISBLANK(D120)), TEXT(D120, "mmm yyyy"), "Never Started B") -> Sep 2012 | I120: =IF(OR(B120="",C120=""),"", ((C120-B120)+1)/7) -> 5.8571429 | J120: =IF(I120="","", I120/4.33) -> 1.3526889 | K120: =SUMIFS( Admin!$D:$D, Admin!$A:$A, $A120, Admin!$B:$B, "Med A", Admin!$C:$C, ">=" & $B120, Admin!$C:$C, "<=" & $C120 ) -> 96900 | L120: =IF(AND(B120="",C120=""), "Never took A", IF(B120=C120, K120, IF(J120=0, 0, K120/J120) ) ) -> 71635.098 | M120: =SUMIFS(Admin!$D:$D,Admin!$A:$A,$A120, Admin!$B:$B,"Med B") -> 24 | N120: =COUNTIFS(Admin!$A:$A,$A120, Admin!$B:$B,"Med B") -> 3 | O120: =IF(N120=0,"Never took B",M120/N120) -> 8 | P120: =IF(D120="", "Never took B", SUMIFS(Admin!$D:$D, Admin!$A:$A,$A120, Admin!$B:$B,"Med B", Admin!$C:$C,D120) ) -> 8 | Q120: =IF(D120="","", EDATE(DATE(YEAR(D120),MONTH(D120),1),1) ) -> 41183 | R120: =IF(Q120="","", SUMIFS(Admin!$D:$D, Admin!$A:$A,$A120, Admin!$B:$B,"Med B", Admin!$C:$C,">="&Q120, Admin!$C:$C,"<"&EDATE(Q120,1)) ) -> 8 | S120: =IF(P120="Never took B","Never took B", IF(R120="No 2nd dose","No 2nd dose", IF(R120=P120,"Same", IF(R120>P120,"Higher","Lower") ) ) ) -> Same | T120: =IFERROR( AVERAGEIFS( Labs!$D:$D, Labs!$A:$A,$A120, Labs!$C:$C,"LAB B", Labs!$B:$B,"<"&$D120 ), "" ) -> 11.5 | U120: =IFERROR( AVERAGEIFS( Labs!$D:$D, Labs!$A:$A,$A120, Labs!$C:$C,"LAB B", Labs!$B:$B,">="&$D120 ), "" ) -> 10.328571
A121: 6 | B121: 41246 | C121: 41246 | F121: =IF(AND(NOT(ISBLANK(B121)),NOT(ISBLANK(D121)),D121 > B121), "Yes", "No") -> No | G121: =IF(AND(ISBLANK(B121), NOT(ISBLANK(D121))), "Yes", "No") -> No | H121: =IF(NOT(ISBLANK(D121)), TEXT(D121, "mmm yyyy"), "Never Started B") -> Never Started B | I121: =IF(OR(B121="",C121=""),"", ((C121-B121)+1)/7) -> 0.14285714 | J121: =IF(I121="","", I121/4.33) -> 0.032992412 | K121: =SUMIFS( Admin!$D:$D, Admin!$A:$A, $A121, Admin!$B:$B, "Med A", Admin!$C:$C, ">=" & $B121, Admin!$C:$C, "<=" & $C121 ) -> 3800 | L121: =IF(AND(B121="",C121=""), "Never took A", IF(B121=C121, K121, IF(J121=0, 0, K121/J121) ) ) -> 3800 | M121: =SUMIFS(Admin!$D:$D,Admin!$A:$A,$A121, Admin!$B:$B,"Med B") -> 0 | N121: =COUNTIFS(Admin!$A:$A,$A121, Admin!$B:$B,"Med B") -> 0 | O121: =IF(N121=0,"Never took B",M121/N121) -> Never took B | P121: =IF(D121="", "Never took B", SUMIFS(Admin!$D:$D, Admin!$A:$A,$A121, Admin!$B:$B,"Med B", Admin!$C:$C,D121) ) -> Never took B | Q121: =IF(D121="","", EDATE(DATE(YEAR(D121),MONTH(D121),1),1) ) | R121: =IF(Q121="","", SUMIFS(Admin!$D:$D, Admin!$A:$A,$A121, Admin!$B:$B,"Med B", Admin!$C:$C,">="&Q121, Admin!$C:$C,"<"&EDATE(Q121,1)) ) | S121: =IF(P121="Never took B","Never took B", IF(R121="No 2nd dose","No 2nd dose", IF(R121=P121,"Same", IF(R121>P121,"Higher","Lower") ) ) ) -> Never took B | T121: =IFERROR( AVERAGEIFS( Labs!$D:$D, Labs!$A:$A,$A121, Labs!$C:$C,"LAB B", Labs!$B:$B,"<"&$D121 ), "" ) | U121: =IFERROR( AVERAGEIFS( Labs!$D:$D, Labs!$A:$A,$A121, Labs!$C:$C,"LAB B", Labs!$B:$B,">="&$D121 ), "" )
A122: 7 | B122: 41093 | C122: 41109 | F122: =IF(AND(NOT(ISBLANK(B122)),NOT(ISBLANK(D122)),D122 > B122), "Yes", "No") -> No | G122: =IF(AND(ISBLANK(B122), NOT(ISBLANK(D122))), "Yes", "No") -> No | H122: =IF(NOT(ISBLANK(D122)), TEXT(D122, "mmm yyyy"), "Never Started B") -> Never Started B | I122: =IF(OR(B122="",C122=""),"", ((C122-B122)+1)/7) -> 2.4285714 | J122: =IF(I122="","", I122/4.33) -> 0.560871 | K122: =SUMIFS( Admin!$D:$D, Admin!$A:$A, $A122, Admin!$B:$B, "Med A", Admin!$C:$C, ">=" & $B122, Admin!$C:$C, "<=" & $C122 ) -> 44800 | L122: =IF(AND(B122="",C122=""), "Never took A", IF(B122=C122, K122, IF(J122=0, 0, K122/J122) ) ) -> 79875.765 | M122: =SUMIFS(Admin!$D:$D,Admin!$A:$A,$A122, Admin!$B:$B,"Med B") -> 0 | N122: =COUNTIFS(Admin!$A:$A,$A122, Admin!$B:$B,"Med B") -> 0 | O122: =IF(N122=0,"Never took B",M122/N122) -> Never took B | P122: =IF(D122="", "Never took B", SUMIFS(Admin!$D:$D, Admin!$A:$A,$A122, Admin!$B:$B,"Med B", Admin!$C:$C,D122) ) -> Never took B | Q122: =IF(D122="","", EDATE(DATE(YEAR(D122),MONTH(D122),1),1) ) | R122: =IF(Q122="","", SUMIFS(Admin!$D:$D, Admin!$A:$A,$A122, Admin!$B:$B,"Med B", Admin!$C:$C,">="&Q122, Admin!$C:$C,"<"&EDATE(Q122,1)) ) | S122: =IF(P122="Never took B","Never took B", IF(R122="No 2nd dose","No 2nd dose", IF(R122=P122,"Same", IF(R122>P122,"Higher","Lower") ) ) ) -> Never took B | T122: =IFERROR( AVERAGEIFS( Labs!$D:$D, Labs!$A:$A,$A122, Labs!$C:$C,"LAB B", Labs!$B:$B,"<"&$D122 ), "" ) | U122: =IFERROR( AVERAGEIFS( Labs!$D:$D, Labs!$A:$A,$A122, Labs!$C:$C,"LAB B", Labs!$B:$B,">="&$D122 ), "" )
A123: 8 | B123: 41093 | C123: 41158 | D123: 41165 | E123: 41228 | F123: =IF(AND(NOT(ISBLANK(B123)),NOT(ISBLANK(D123)),D123 > B123), "Yes", "No") -> Yes | G123: =IF(AND(ISBLANK(B123), NOT(ISBLANK(D123))), "Yes", "No") -> No | H123: =IF(NOT(ISBLANK(D123)), TEXT(D123, "mmm yyyy"), "Never Started B") -> Sep 2012 | I123: =IF(OR(B123="",C123=""),"", ((C123-B123)+1)/7) -> 9.4285714 | J123: =IF(I123="","", I123/4.33) -> 2.1774992 | K123: =SUMIFS( Admin!$D:$D, Admin!$A:$A, $A123, Admin!$B:$B, "Med A", Admin!$C:$C, ">=" & $B123, Admin!$C:$C, "<=" & $C123 ) -> 62100 | L123: =IF(AND(B123="",C123=""), "Never took A", IF(B123=C123, K123, IF(J123=0, 0, K123/J123) ) ) -> 28518.955 | M123: =SUMIFS(Admin!$D:$D,Admin!$A:$A,$A123, Admin!$B:$B,"Med B") -> 13 | N123: =COUNTIFS(Admin!$A:$A,$A123, Admin!$B:$B,"Med B") -> 3 | O123: =IF(N123=0,"Never took B",M123/N123) -> 4.3333333 | P123: =IF(D123="", "Never took B", SUMIFS(Admin!$D:$D, Admin!$A:$A,$A123, Admin!$B:$B,"Med B", Admin!$C:$C,D123) ) -> 5 | Q123: =IF(D123="","", EDATE(DATE(YEAR(D123),MONTH(D123),1),1) ) -> 41183 | R123: =IF(Q123="","", SUMIFS(Admin!$D:$D, Admin!$A:$A,$A123, Admin!$B:$B,"Med B", Admin!$C:$C,">="&Q123, Admin!$C:$C,"<"&EDATE(Q123,1)) ) -> 4 | S123: =IF(P123="Never took B","Never took B", IF(R123="No 2nd dose","No 2nd dose", IF(R123=P123,"Same", IF(R123>P123,"Higher","Lower") ) ) ) -> Lower | T123: =IFERROR( AVERAGEIFS( Labs!$D:$D, Labs!$A:$A,$A123, Labs!$C:$C,"LAB B", Labs!$B:$B,"<"&$D123 ), "" ) -> 10.62 | U123: =IFERROR( AVERAGEIFS( Labs!$D:$D, Labs!$A:$A,$A123, Labs!$C:$C,"LAB B", Labs!$B:$B,">="&$D123 ), "" ) -> 10.375
A124: 9 | B124: 41093 | C124: 41158 | D124: 41165 | E124: 41228 | F124: =IF(AND(NOT(ISBLANK(B124)),NOT(ISBLANK(D124)),D124 > B124), "Yes", "No") -> Yes | G124: =IF(AND(ISBLANK(B124), NOT(ISBLANK(D124))), "Yes", "No") -> No | H124: =IF(NOT(ISBLANK(D124)), TEXT(D124, "mmm yyyy"), "Never Started B") -> Sep 2012 | I124: =IF(OR(B124="",C124=""),"", ((C124-B124)+1)/7) -> 9.4285714 | J124: =IF(I124="","", I124/4.33) -> 2.1774992 | K124: =SUMIFS( Admin!$D:$D, Admin!$A:$A, $A124, Admin!$B:$B, "Med A", Admin!$C:$C, ">=" & $B124, Admin!$C:$C, "<=" & $C124 ) -> 67700 | L124: =IF(AND(B124="",C124=""), "Never took A", IF(B124=C124, K124, IF(J124=0, 0, K124/J124) ) ) -> 31090.712 | M124: =SUMIFS(Admin!$D:$D,Admin!$A:$A,$A124, Admin!$B:$B,"Med B") -> 20 | N124: =COUNTIFS(Admin!$A:$A,$A124, Admin!$B:$B,"Med B") -> 3 | O124: =IF(N124=0,"Never took B",M124/N124) -> 6.6666667 | P124: =IF(D124="", "Never took B", SUMIFS(Admin!$D:$D, Admin!$A:$A,$A124, Admin!$B:$B,"Med B", Admin!$C:$C,D124) ) -> 8 | Q124: =IF(D124="","", EDATE(DATE(YEAR(D124),MONTH(D124),1),1) ) -> 41183 | R124: =IF(Q124="","", SUMIFS(Admin!$D:$D, Admin!$A:$A,$A124, Admin!$B:$B,"Med B", Admin!$C:$C,">="&Q124, Admin!$C:$C,"<"&EDATE(Q124,1)) ) -> 6 | S124: =IF(P124="Never took B","Never took B", IF(R124="No 2nd dose","No 2nd dose", IF(R124=P124,"Same", IF(R124>P124,"Higher","Lower") ) ) ) -> Lower | T124: =IFERROR( AVERAGEIFS( Labs!$D:$D, Labs!$A:$A,$A124, Labs!$C:$C,"LAB B", Labs!$B:$B,"<"&$D124 ), "" ) -> 10.683333 | U124: =IFERROR( AVERAGEIFS( Labs!$D:$D, Labs!$A:$A,$A124, Labs!$C:$C,"LAB B", Labs!$B:$B,">="&$D124 ), "" ) -> 10.35
A125: 10 | B125: 41153 | C125: 41158 | D125: 41165 | E125: 41228 | F125: =IF(AND(NOT(ISBLANK(B125)),NOT(ISBLANK(D125)),D125 > B125), "Yes", "No") -> Yes | G125: =IF(AND(ISBLANK(B125), NOT(ISBLANK(D125))), "Yes", "No") -> No | H125: =IF(NOT(ISBLANK(D125)), TEXT(D125, "mmm yyyy"), "Never Started B") -> Sep 2012 | I125: =IF(OR(B125="",C125=""),"", ((C125-B125)+1)/7) -> 0.85714286 | J125: =IF(I125="","", I125/4.33) -> 0.19795447 | K125: =SUMIFS( Admin!$D:$D, Admin!$A:$A, $A125, Admin!$B:$B, "Med A", Admin!$C:$C, ">=" & $B125, Admin!$C:$C, "<=" & $C125 ) -> 11900 | L125: =IF(AND(B125="",C125=""), "Never took A", IF(B125=C125, K125, IF(J125=0, 0, K125/J125) ) ) -> 60114.833 | M125: =SUMIFS(Admin!$D:$D,Admin!$A:$A,$A125, Admin!$B:$B,"Med B") -> 24 | N125: =COUNTIFS(Admin!$A:$A,$A125, Admin!$B:$B,"Med B") -> 3 | O125: =IF(N125=0,"Never took B",M125/N125) -> 8 | P125: =IF(D125="", "Never took B", SUMIFS(Admin!$D:$D, Admin!$A:$A,$A125, Admin!$B:$B,"Med B", Admin!$C:$C,D125) ) -> 8 | Q125: =IF(D125="","", EDATE(DATE(YEAR(D125),MONTH(D125),1),1) ) -> 41183 | R125: =IF(Q125="","", SUMIFS(Admin!$D:$D, Admin!$A:$A,$A125, Admin!$B:$B,"Med B", Admin!$C:$C,">="&Q125, Admin!$C:$C,"<"&EDATE(Q125,1)) ) -> 8 | S125: =IF(P125="Never took B","Never took B", IF(R125="No 2nd dose","No 2nd dose", IF(R125=P125,"Same", IF(R125>P125,"Higher","Lower") ) ) ) -> Same | T125: =IFERROR( AVERAGEIFS( Labs!$D:$D, Labs!$A:$A,$A125, Labs!$C:$C,"LAB B", Labs!$B:$B,"<"&$D125 ), "" ) -> 9.35 | U125: =IFERROR( AVERAGEIFS( Labs!$D:$D, Labs!$A:$A,$A125, Labs!$C:$C,"LAB B", Labs!$B:$B,">="&$D125 ), "" ) -> 10.28
A126: 11 | D126: 41239 | E126: 41239 | F126: =IF(AND(NOT(ISBLANK(B126)),NOT(ISBLANK(D126)),D126 > B126), "Yes", "No") -> No | G126: =IF(AND(ISBLANK(B126), NOT(ISBLANK(D126))), "Yes", "No") -> Yes | H126: =IF(NOT(ISBLANK(D126)), TEXT(D126, "mmm yyyy"), "Never Started B") -> Nov 2012 | I126: =IF(OR(B126="",C126=""),"", ((C126-B126)+1)/7) | J126: =IF(I126="","", I126/4.33) | K126: =SUMIFS( Admin!$D:$D, Admin!$A:$A, $A126, Admin!$B:$B, "Med A", Admin!$C:$C, ">=" & $B126, Admin!$C:$C, "<=" & $C126 ) -> 0 | L126: =IF(AND(B126="",C126=""), "Never took A", IF(B126=C126, K126, IF(J126=0, 0, K126/J126) ) ) -> Never took A | M126: =SUMIFS(Admin!$D:$D,Admin!$A:$A,$A126, Admin!$B:$B,"Med B") -> 2 | N126: =COUNTIFS(Admin!$A:$A,$A126, Admin!$B:$B,"Med B") -> 1 | O126: =IF(N126=0,"Never took B",M126/N126) -> 2 | P126: =IF(D126="", "Never took B", SUMIFS(Admin!$D:$D, Admin!$A:$A,$A126, Admin!$B:$B,"Med B", Admin!$C:$C,D126) ) -> 2 | Q126: =IF(D126="","", EDATE(DATE(YEAR(D126),MONTH(D126),1),1) ) -> 41244 | R126: =IF(Q126="","", SUMIFS(Admin!$D:$D, Admin!$A:$A,$A126, Admin!$B:$B,"Med B", Admin!$C:$C,">="&Q126, Admin!$C:$C,"<"&EDATE(Q126,1)) ) -> 0 | S126: =IF(P126="Never took B","Never took B", IF(R126="No 2nd dose","No 2nd dose", IF(R126=P126,"Same", IF(R126>P126,"Higher","Lower") ) ) ) -> Lower | T126: =IFERROR( AVERAGEIFS( Labs!$D:$D, Labs!$A:$A,$A126, Labs!$C:$C,"LAB B", Labs!$B:$B,"<"&$D126 ), "" ) -> 8.5 | U126: =IFERROR( AVERAGEIFS( Labs!$D:$D, Labs!$A:$A,$A126, Labs!$C:$C,"LAB B", Labs!$B:$B,">="&$D126 ), "" ) -> 9.6
A127: 12 | B127: 41092 | C127: 41157 | D127: 41164 | E127: 41192 | F127: =IF(AND(NOT(ISBLANK(B127)),NOT(ISBLANK(D127)),D127 > B127), "Yes", "No") -> Yes | G127: =IF(AND(ISBLANK(B127), NOT(ISBLANK(D127))), "Yes", "No") -> No | H127: =IF(NOT(ISBLANK(D127)), TEXT(D127, "mmm yyyy"), "Never Started B") -> Sep 2012 | I127: =IF(OR(B127="",C127=""),"", ((C127-B127)+1)/7) -> 9.4285714 | J127: =IF(I127="","", I127/4.33) -> 2.1774992 | K127: =SUMIFS( Admin!$D:$D, Admin!$A:$A, $A127, Admin!$B:$B, "Med A", Admin!$C:$C, ">=" & $B127, Admin!$C:$C, "<=" & $C127 ) -> 88400 | L127: =IF(AND(B127="",C127=""), "Never took A", IF(B127=C127, K127, IF(J127=0, 0, K127/J127) ) ) -> 40597.03 | M127: =SUMIFS(Admin!$D:$D,Admin!$A:$A,$A127, Admin!$B:$B,"Med B") -> 20 | N127: =COUNTIFS(Admin!$A:$A,$A127, Admin!$B:$B,"Med B") -> 2 | O127: =IF(N127=0,"Never took B",M127/N127) -> 10 | P127: =IF(D127="", "Never took B", SUMIFS(Admin!$D:$D, Admin!$A:$A,$A127, Admin!$B:$B,"Med B", Admin!$C:$C,D127) ) -> 10 | Q127: =IF(D127="","", EDATE(DATE(YEAR(D127),MONTH(D127),1),1) ) -> 41183 | R127: =IF(Q127="","", SUMIFS(Admin!$D:$D, Admin!$A:$A,$A127, Admin!$B:$B,"Med B", Admin!$C:$C,">="&Q127, Admin!$C:$C,"<"&EDATE(Q127,1)) ) -> 10 | S127: =IF(P127="Never took B","Never took B", IF(R127="No 2nd dose","No 2nd dose", IF(R127=P127,"Same", IF(R127>P127,"Higher","Lower") ) ) ) -> Same | T127: =IFERROR( AVERAGEIFS( Labs!$D:$D, Labs!$A:$A,$A127, Labs!$C:$C,"LAB B", Labs!$B:$B,"<"&$D127 ), "" ) -> 9.2833333 | U127: =IFERROR( AVERAGEIFS( Labs!$D:$D, Labs!$A:$A,$A127, Labs!$C:$C,"LAB B", Labs!$B:$B,">="&$D127 ), "" ) -> 10
A128: 13 | B128: 41236 | C128: 41239 | F128: =IF(AND(NOT(ISBLANK(B128)),NOT(ISBLANK(D128)),D128 > B128), "Yes", "No") -> No | G128: =IF(AND(ISBLANK(B128), NOT(ISBLANK(D128))), "Yes", "No") -> No | H128: =IF(NOT(ISBLANK(D128)), TEXT(D128, "mmm yyyy"), "Never Started B") -> Never Started B | I128: =IF(OR(B128="",C128=""),"", ((C128-B128)+1)/7) -> 0.57142857 | J128: =IF(I128="","", I128/4.33) -> 0.13196965 | K128: =SUMIFS( Admin!$D:$D, Admin!$A:$A, $A128, Admin!$B:$B, "Med A", Admin!$C:$C, ">=" & $B128, Admin!$C:$C, "<=" & $C128 ) -> 40000 | L128: =IF(AND(B128="",C128=""), "Never took A", IF(B128=C128, K128, IF(J128=0, 0, K128/J128) ) ) -> 303100 | M128: =SUMIFS(Admin!$D:$D,Admin!$A:$A,$A128, Admin!$B:$B,"Med B") -> 0 | N128: =COUNTIFS(Admin!$A:$A,$A128, Admin!$B:$B,"Med B") -> 0 | O128: =IF(N128=0,"Never took B",M128/N128) -> Never took B | P128: =IF(D128="", "Never took B", SUMIFS(Admin!$D:$D, Admin!$A:$A,$A128, Admin!$B:$B,"Med B", Admin!$C:$C,D128) ) -> Never took B | Q128: =IF(D128="","", EDATE(DATE(YEAR(D128),MONTH(D128),1),1) ) | R128: =IF(Q128="","", SUMIFS(Admin!$D:$D, Admin!$A:$A,$A128, Admin!$B:$B,"Med B", Admin!$C:$C,">="&Q128, Admin!$C:$C,"<"&EDATE(Q128,1)) ) | S128: =IF(P128="Never took B","Never took B", IF(R128="No 2nd dose","No 2nd dose", IF(R128=P128,"Same", IF(R128>P128,"Higher","Lower") ) ) ) -> Never took B | T128: =IFERROR( AVERAGEIFS( Labs!$D:$D, Labs!$A:$A,$A128, Labs!$C:$C,"LAB B", Labs!$B:$B,"<"&$D128 ), "" ) | U128: =IFERROR( AVERAGEIFS( Labs!$D:$D, Labs!$A:$A,$A128, Labs!$C:$C,"LAB B", Labs!$B:$B,">="&$D128 ), "" )
A129: 14 | B129: 41092 | C129: 41155 | F129: =IF(AND(NOT(ISBLANK(B129)),NOT(ISBLANK(D129)),D129 > B129), "Yes", "No") -> No | G129: =IF(AND(ISBLANK(B129), NOT(ISBLANK(D129))), "Yes", "No") -> No | H129: =IF(NOT(ISBLANK(D129)), TEXT(D129, "mmm yyyy"), "Never Started B") -> Never Started B | I129: =IF(OR(B129="",C129=""),"", ((C129-B129)+1)/7) -> 9.1428571 | J129: =IF(I129="","", I129/4.33) -> 2.1115144 | K129: =SUMIFS( Admin!$D:$D, Admin!$A:$A, $A129, Admin!$B:$B, "Med A", Admin!$C:$C, ">=" & $B129, Admin!$C:$C, "<=" & $C129 ) -> 3000 | L129: =IF(AND(B129="",C129=""), "Never took A", IF(B129=C129, K129, IF(J129=0, 0, K129/J129) ) ) -> 1420.7812 | M129: =SUMIFS(Admin!$D:$D,Admin!$A:$A,$A129, Admin!$B:$B,"Med B") -> 0 | N129: =COUNTIFS(Admin!$A:$A,$A129, Admin!$B:$B,"Med B") -> 0 | O129: =IF(N129=0,"Never took B",M129/N129) -> Never took B | P129: =IF(D129="", "Never took B", SUMIFS(Admin!$D:$D, Admin!$A:$A,$A129, Admin!$B:$B,"Med B", Admin!$C:$C,D129) ) -> Never took B | Q129: =IF(D129="","", EDATE(DATE(YEAR(D129),MONTH(D129),1),1) ) | R129: =IF(Q129="","", SUMIFS(Admin!$D:$D, Admin!$A:$A,$A129, Admin!$B:$B,"Med B", Admin!$C:$C,">="&Q129, Admin!$C:$C,"<"&EDATE(Q129,1)) ) | S129: =IF(P129="Never took B","Never took B", IF(R129="No 2nd dose","No 2nd dose", IF(R129=P129,"Same", IF(R129>P129,"Higher","Lower") ) ) ) -> Never took B | T129: =IFERROR( AVERAGEIFS( Labs!$D:$D, Labs!$A:$A,$A129, Labs!$C:$C,"LAB B", Labs!$B:$B,"<"&$D129 ), "" ) | U129: =IFERROR( AVERAGEIFS( Labs!$D:$D, Labs!$A:$A,$A129, Labs!$C:$C,"LAB B", Labs!$B:$B,">="&$D129 ), "" )
A130: 15 | B130: 41096 | C130: 41157 | D130: 41164 | E130: 41227 | F130: =IF(AND(NOT(ISBLANK(B130)),NOT(ISBLANK(D130)),D130 > B130), "Yes", "No") -> Yes | G130: =IF(AND(ISBLANK(B130), NOT(ISBLANK(D130))), "Yes", "No") -> No | H130: =IF(NOT(ISBLANK(D130)), TEXT(D130, "mmm yyyy"), "Never Started B") -> Sep 2012 | I130: =IF(OR(B130="",C130=""),"", ((C130-B130)+1)/7) -> 8.8571429 | J130: =IF(I130="","", I130/4.33) -> 2.0455295 | K130: =SUMIFS( Admin!$D:$D, Admin!$A:$A, $A130, Admin!$B:$B, "Med A", Admin!$C:$C, ">=" & $B130, Admin!$C:$C, "<=" & $C130 ) -> 18800 | L130: =IF(AND(B130="",C130=""), "Never took A", IF(B130=C130, K130, IF(J130=0, 0, K130/J130) ) ) -> 9190.7742 | M130: =SUMIFS(Admin!$D:$D,Admin!$A:$A,$A130, Admin!$B:$B,"Med B") -> 4 | N130: =COUNTIFS(Admin!$A:$A,$A130, Admin!$B:$B,"Med B") -> 2 | O130: =IF(N130=0,"Never took B",M130/N130) -> 2 | P130: =IF(D130="", "Never took B", SUMIFS(Admin!$D:$D, Admin!$A:$A,$A130, Admin!$B:$B,"Med B", Admin!$C:$C,D130) ) -> 3 | Q130: =IF(D130="","", EDATE(DATE(YEAR(D130),MONTH(D130),1),1) ) -> 41183 | R130: =IF(Q130="","", SUMIFS(Admin!$D:$D, Admin!$A:$A,$A130, Admin!$B:$B,"Med B", Admin!$C:$C,">="&Q130, Admin!$C:$C,"<"&EDATE(Q130,1)) ) -> 0 | S130: =IF(P130="Never took B","Never took B", IF(R130="No 2nd dose","No 2nd dose", IF(R130=P130,"Same", IF(R130>P130,"Higher","Lower") ) ) ) -> Lower | T130: =IFERROR( AVERAGEIFS( Labs!$D:$D, Labs!$A:$A,$A130, Labs!$C:$C,"LAB B", Labs!$B:$B,"<"&$D130 ), "" ) -> 11.485714 | U130: =IFERROR( AVERAGEIFS( Labs!$D:$D, Labs!$A:$A,$A130, Labs!$C:$C,"LAB B", Labs!$B:$B,">="&$D130 ), "" ) -> 11.6
A131: 16 | B131: 41093 | C131: 41158 | D131: 41165 | E131: 41223 | F131: =IF(AND(NOT(ISBLANK(B131)),NOT(ISBLANK(D131)),D131 > B131), "Yes", "No") -> Yes | G131: =IF(AND(ISBLANK(B131), NOT(ISBLANK(D131))), "Yes", "No") -> No | H131: =IF(NOT(ISBLANK(D131)), TEXT(D131, "mmm yyyy"), "Never Started B") -> Sep 2012 | I131: =IF(OR(B131="",C131=""),"", ((C131-B131)+1)/7) -> 9.4285714 | J131: =IF(I131="","", I131/4.33) -> 2.1774992 | K131: =SUMIFS( Admin!$D:$D, Admin!$A:$A, $A131, Admin!$B:$B, "Med A", Admin!$C:$C, ">=" & $B131, Admin!$C:$C, "<=" & $C131 ) -> 142100 | L131: =IF(AND(B131="",C131=""), "Never took A", IF(B131=C131, K131, IF(J131=0, 0, K131/J131) ) ) -> 65258.348 | M131: =SUMIFS(Admin!$D:$D,Admin!$A:$A,$A131, Admin!$B:$B,"Med B") -> 10 | N131: =COUNTIFS(Admin!$A:$A,$A131, Admin!$B:$B,"Med B") -> 2 | O131: =IF(N131=0,"Never took B",M131/N131) -> 5 | P131: =IF(D131="", "Never took B", SUMIFS(Admin!$D:$D, Admin!$A:$A,$A131, Admin!$B:$B,"Med B", Admin!$C:$C,D131) ) -> 8 | Q131: =IF(D131="","", EDATE(DATE(YEAR(D131),MONTH(D131),1),1) ) -> 41183 | R131: =IF(Q131="","", SUMIFS(Admin!$D:$D, Admin!$A:$A,$A131, Admin!$B:$B,"Med B", Admin!$C:$C,">="&Q131, Admin!$C:$C,"<"&EDATE(Q131,1)) ) -> 0 | S131: =IF(P131="Never took B","Never took B", IF(R131="No 2nd dose","No 2nd dose", IF(R131=P131,"Same", IF(R131>P131,"Higher","Lower") ) ) ) -> Lower | T131: =IFERROR( AVERAGEIFS( Labs!$D:$D, Labs!$A:$A,$A131, Labs!$C:$C,"LAB B", Labs!$B:$B,"<"&$D131 ), "" ) -> 10.56 | U131: =IFERROR( AVERAGEIFS( Labs!$D:$D, Labs!$A:$A,$A131, Labs!$C:$C,"LAB B", Labs!$B:$B,">="&$D131 ), "" ) -> 10.62
A132: 17 | B132: 41093 | C132: 41158 | D132: 41165 | E132: 41228 | F132: =IF(AND(NOT(ISBLANK(B132)),NOT(ISBLANK(D132)),D132 > B132), "Yes", "No") -> Yes | G132: =IF(AND(ISBLANK(B132), NOT(ISBLANK(D132))), "Yes", "No") -> No | H132: =IF(NOT(ISBLANK(D132)), TEXT(D132, "mmm yyyy"), "Never Started B") -> Sep 2012 | I132: =IF(OR(B132="",C132=""),"", ((C132-B132)+1)/7) -> 9.4285714 | J132: =IF(I132="","", I132/4.33) -> 2.1774992 | K132: =SUMIFS( Admin!$D:$D, Admin!$A:$A, $A132, Admin!$B:$B, "Med A", Admin!$C:$C, ">=" & $B132, Admin!$C:$C, "<=" & $C132 ) -> 34400 | L132: =IF(AND(B132="",C132=""), "Never took A", IF(B132=C132, K132, IF(J132=0, 0, K132/J132) ) ) -> 15797.939 | M132: =SUMIFS(Admin!$D:$D,Admin!$A:$A,$A132, Admin!$B:$B,"Med B") -> 27 | N132: =COUNTIFS(Admin!$A:$A,$A132, Admin!$B:$B,"Med B") -> 3 | O132: =IF(N132=0,"Never took B",M132/N132) -> 9 | P132: =IF(D132="", "Never took B", SUMIFS(Admin!$D:$D, Admin!$A:$A,$A132, Admin!$B:$B,"Med B", Admin!$C:$C,D132) ) -> 6 | Q132: =IF(D132="","", EDATE(DATE(YEAR(D132),MONTH(D132),1),1) ) -> 41183 | R132: =IF(Q132="","", SUMIFS(Admin!$D:$D, Admin!$A:$A,$A132, Admin!$B:$B,"Med B", Admin!$C:$C,">="&Q132, Admin!$C:$C,"<"&EDATE(Q132,1)) ) -> 5 | S132: =IF(P132="Never took B","Never took B", IF(R132="No 2nd dose","No 2nd dose", IF(R132=P132,"Same", IF(R132>P132,"Higher","Lower") ) ) ) -> Lower | T132: =IFERROR( AVERAGEIFS( Labs!$D:$D, Labs!$A:$A,$A132, Labs!$C:$C,"LAB B", Labs!$B:$B,"<"&$D132 ), "" ) -> 11.1125 | U132: =IFERROR( AVERAGEIFS( Labs!$D:$D, Labs!$A:$A,$A132, Labs!$C:$C,"LAB B", Labs!$B:$B,">="&$D132 ), "" ) -> 10.05
A133: 18 | B133: 41096 | C133: 41157 | D133: 41173 | E133: 41228 | F133: =IF(AND(NOT(ISBLANK(B133)),NOT(ISBLANK(D133)),D133 > B133), "Yes", "No") -> Yes | G133: =IF(AND(ISBLANK(B133), NOT(ISBLANK(D133))), "Yes", "No") -> No | H133: =IF(NOT(ISBLANK(D133)), TEXT(D133, "mmm yyyy"), "Never Started B") -> Sep 2012 | I133: =IF(OR(B133="",C133=""),"", ((C133-B133)+1)/7) -> 8.8571429 | J133: =IF(I133="","", I133/4.33) -> 2.0455295 | K133: =SUMIFS( Admin!$D:$D, Admin!$A:$A, $A133, Admin!$B:$B, "Med A", Admin!$C:$C, ">=" & $B133, Admin!$C:$C, "<=" & $C133 ) -> 125100 | L133: =IF(AND(B133="",C133=""), "Never took A", IF(B133=C133, K133, IF(J133=0, 0, K133/J133) ) ) -> 61157.758 | M133: =SUMIFS(Admin!$D:$D,Admin!$A:$A,$A133, Admin!$B:$B,"Med B") -> 24 | N133: =COUNTIFS(Admin!$A:$A,$A133, Admin!$B:$B,"Med B") -> 3 | O133: =IF(N133=0,"Never took B",M133/N133) -> 8 | P133: =IF(D133="", "Never took B", SUMIFS(Admin!$D:$D, Admin!$A:$A,$A133, Admin!$B:$B,"Med B", Admin!$C:$C,D133) ) -> 8 | Q133: =IF(D133="","", EDATE(DATE(YEAR(D133),MONTH(D133),1),1) ) -> 41183 | R133: =IF(Q133="","", SUMIFS(Admin!$D:$D, Admin!$A:$A,$A133, Admin!$B:$B,"Med B", Admin!$C:$C,">="&Q133, Admin!$C:$C,"<"&EDATE(Q133,1)) ) -> 8 | S133: =IF(P133="Never took B","Never took B", IF(R133="No 2nd dose","No 2nd dose", IF(R133=P133,"Same", IF(R133>P133,"Higher","Lower") ) ) ) -> Same | T133: =IFERROR( AVERAGEIFS( Labs!$D:$D, Labs!$A:$A,$A133, Labs!$C:$C,"LAB B", Labs!$B:$B,"<"&$D133 ), "" ) -> 10.066667 | U133: =IFERROR( AVERAGEIFS( Labs!$D:$D, Labs!$A:$A,$A133, Labs!$C:$C,"LAB B", Labs!$B:$B,">="&$D133 ), "" ) -> 10.433333
A134: 19 | B134: 41092 | C134: 41157 | D134: 41164 | E134: 41227 | F134: =IF(AND(NOT(ISBLANK(B134)),NOT(ISBLANK(D134)),D134 > B134), "Yes", "No") -> Yes | G134: =IF(AND(ISBLANK(B134), NOT(ISBLANK(D134))), "Yes", "No") -> No | H134: =IF(NOT(ISBLANK(D134)), TEXT(D134, "mmm yyyy"), "Never Started B") -> Sep 2012 | I134: =IF(OR(B134="",C134=""),"", ((C134-B134)+1)/7) -> 9.4285714 | J134: =IF(I134="","", I134/4.33) -> 2.1774992 | K134: =SUMIFS( Admin!$D:$D, Admin!$A:$A, $A134, Admin!$B:$B, "Med A", Admin!$C:$C, ">=" & $B134, Admin!$C:$C, "<=" & $C134 ) -> 49300 | L134: =IF(AND(B134="",C134=""), "Never took A", IF(B134=C134, K134, IF(J134=0, 0, K134/J134) ) ) -> 22640.652 | M134: =SUMIFS(Admin!$D:$D,Admin!$A:$A,$A134, Admin!$B:$B,"Med B") -> 12 | N134: =COUNTIFS(Admin!$A:$A,$A134, Admin!$B:$B,"Med B") -> 3 | O134: =IF(N134=0,"Never took B",M134/N134) -> 4 | P134: =IF(D134="", "Never took B", SUMIFS(Admin!$D:$D, Admin!$A:$A,$A134, Admin!$B:$B,"Med B", Admin!$C:$C,D134) ) -> 4 | Q134: =IF(D134="","", EDATE(DATE(YEAR(D134),MONTH(D134),1),1) ) -> 41183 | R134: =IF(Q134="","", SUMIFS(Admin!$D:$D, Admin!$A:$A,$A134, Admin!$B:$B,"Med B", Admin!$C:$C,">="&Q134, Admin!$C:$C,"<"&EDATE(Q134,1)) ) -> 3 | S134: =IF(P134="Never took B","Never took B", IF(R134="No 2nd dose","No 2nd dose", IF(R134=P134,"Same", IF(R134>P134,"Higher","Lower") ) ) ) -> Lower | T134: =IFERROR( AVERAGEIFS( Labs!$D:$D, Labs!$A:$A,$A134, Labs!$C:$C,"LAB B", Labs!$B:$B,"<"&$D134 ), "" ) -> 10.86 | U134: =IFERROR( AVERAGEIFS( Labs!$D:$D, Labs!$A:$A,$A134, Labs!$C:$C,"LAB B", Labs!$B:$B,">="&$D134 ), "" ) -> 10.383333
A135: 20 | B135: 41092 | C135: 41157 | D135: 41164 | E135: 41227 | F135: =IF(AND(NOT(ISBLANK(B135)),NOT(ISBLANK(D135)),D135 > B135), "Yes", "No") -> Yes | G135: =IF(AND(ISBLANK(B135), NOT(ISBLANK(D135))), "Yes", "No") -> No | H135: =IF(NOT(ISBLANK(D135)), TEXT(D135, "mmm yyyy"), "Never Started B") -> Sep 2012 | I135: =IF(OR(B135="",C135=""),"", ((C135-B135)+1)/7) -> 9.4285714 | J135: =IF(I135="","", I135/4.33) -> 2.1774992 | K135: =SUMIFS( Admin!$D:$D, Admin!$A:$A, $A135, Admin!$B:$B, "Med A", Admin!$C:$C, ">=" & $B135, Admin!$C:$C, "<=" & $C135 ) -> 128800 | L135: =IF(AND(B135="",C135=""), "Never took A", IF(B135=C135, K135, IF(J135=0, 0, K135/J135) ) ) -> 59150.424 | M135: =SUMIFS(Admin!$D:$D,Admin!$A:$A,$A135, Admin!$B:$B,"Med B") -> 10 | N135: =COUNTIFS(Admin!$A:$A,$A135, Admin!$B:$B,"Med B") -> 2 | O135: =IF(N135=0,"Never took B",M135/N135) -> 5 | P135: =IF(D135="", "Never took B", SUMIFS(Admin!$D:$D, Admin!$A:$A,$A135, Admin!$B:$B,"Med B", Admin!$C:$C,D135) ) -> 8 | Q135: =IF(D135="","", EDATE(DATE(YEAR(D135),MONTH(D135),1),1) ) -> 41183 | R135: =IF(Q135="","", SUMIFS(Admin!$D:$D, Admin!$A:$A,$A135, Admin!$B:$B,"Med B", Admin!$C:$C,">="&Q135, Admin!$C:$C,"<"&EDATE(Q135,1)) ) -> 0 | S135: =IF(P135="Never took B","Never took B", IF(R135="No 2nd dose","No 2nd dose", IF(R135=P135,"Same", IF(R135>P135,"Higher","Lower") ) ) ) -> Lower | T135: =IFERROR( AVERAGEIFS( Labs!$D:$D, Labs!$A:$A,$A135, Labs!$C:$C,"LAB B", Labs!$B:$B,"<"&$D135 ), "" ) -> 9.46 | U135: =IFERROR( AVERAGEIFS( Labs!$D:$D, Labs!$A:$A,$A135, Labs!$C:$C,"LAB B", Labs!$B:$B,">="&$D135 ), "" ) -> 10.95
A136: 21 | B136: 41092 | C136: 41157 | D136: 41164 | E136: 41192 | F136: =IF(AND(NOT(ISBLANK(B136)),NOT(ISBLANK(D136)),D136 > B136), "Yes", "No") -> Yes | G136: =IF(AND(ISBLANK(B136), NOT(ISBLANK(D136))), "Yes", "No") -> No | H136: =IF(NOT(ISBLANK(D136)), TEXT(D136, "mmm yyyy"), "Never Started B") -> Sep 2012 | I136: =IF(OR(B136="",C136=""),"", ((C136-B136)+1)/7) -> 9.4285714 | J136: =IF(I136="","", I136/4.33) -> 2.1774992 | K136: =SUMIFS( Admin!$D:$D, Admin!$A:$A, $A136, Admin!$B:$B, "Med A", Admin!$C:$C, ">=" & $B136, Admin!$C:$C, "<=" & $C136 ) -> 66600 | L136: =IF(AND(B136="",C136=""), "Never took A", IF(B136=C136, K136, IF(J136=0, 0, K136/J136) ) ) -> 30585.545 | M136: =SUMIFS(Admin!$D:$D,Admin!$A:$A,$A136, Admin!$B:$B,"Med B") -> 12 | N136: =COUNTIFS(Admin!$A:$A,$A136, Admin!$B:$B,"Med B") -> 2 | O136: =IF(N136=0,"Never took B",M136/N136) -> 6 | P136: =IF(D136="", "Never took B", SUMIFS(Admin!$D:$D, Admin!$A:$A,$A136, Admin!$B:$B,"Med B", Admin!$C:$C,D136) ) -> 6 | Q136: =IF(D136="","", EDATE(DATE(YEAR(D136),MONTH(D136),1),1) ) -> 41183 | R136: =IF(Q136="","", SUMIFS(Admin!$D:$D, Admin!$A:$A,$A136, Admin!$B:$B,"Med B", Admin!$C:$C,">="&Q136, Admin!$C:$C,"<"&EDATE(Q136,1)) ) -> 6 | S136: =IF(P136="Never took B","Never took B", IF(R136="No 2nd dose","No 2nd dose", IF(R136=P136,"Same", IF(R136>P136,"Higher","Lower") ) ) ) -> Same | T136: =IFERROR( AVERAGEIFS( Labs!$D:$D, Labs!$A:$A,$A136, Labs!$C:$C,"LAB B", Labs!$B:$B,"<"&$D136 ), "" ) -> 10 | U136: =IFERROR( AVERAGEIFS( Labs!$D:$D, Labs!$A:$A,$A136, Labs!$C:$C,"LAB B", Labs!$B:$B,">="&$D136 ), "" ) -> 10.733333
A137: 22 | B137: 41092 | C137: 41157 | D137: 41192 | E137: 41227 | F137: =IF(AND(NOT(ISBLANK(B137)),NOT(ISBLANK(D137)),D137 > B137), "Yes", "No") -> Yes | G137: =IF(AND(ISBLANK(B137), NOT(ISBLANK(D137))), "Yes", "No") -> No | H137: =IF(NOT(ISBLANK(D137)), TEXT(D137, "mmm yyyy"), "Never Started B") -> Oct 2012 | I137: =IF(OR(B137="",C137=""),"", ((C137-B137)+1)/7) -> 9.4285714 | J137: =IF(I137="","", I137/4.33) -> 2.1774992 | K137: =SUMIFS( Admin!$D:$D, Admin!$A:$A, $A137, Admin!$B:$B, "Med A", Admin!$C:$C, ">=" & $B137, Admin!$C:$C, "<=" & $C137 ) -> 146200 | L137: =IF(AND(B137="",C137=""), "Never took A", IF(B137=C137, K137, IF(J137=0, 0, K137/J137) ) ) -> 67141.242 | M137: =SUMIFS(Admin!$D:$D,Admin!$A:$A,$A137, Admin!$B:$B,"Med B") -> 6 | N137: =COUNTIFS(Admin!$A:$A,$A137, Admin!$B:$B,"Med B") -> 2 | O137: =IF(N137=0,"Never took B",M137/N137) -> 3 | P137: =IF(D137="", "Never took B", SUMIFS(Admin!$D:$D, Admin!$A:$A,$A137, Admin!$B:$B,"Med B", Admin!$C:$C,D137) ) -> 2 | Q137: =IF(D137="","", EDATE(DATE(YEAR(D137),MONTH(D137),1),1) ) -> 41214 | R137: =IF(Q137="","", SUMIFS(Admin!$D:$D, Admin!$A:$A,$A137, Admin!$B:$B,"Med B", Admin!$C:$C,">="&Q137, Admin!$C:$C,"<"&EDATE(Q137,1)) ) -> 4 | S137: =IF(P137="Never took B","Never took B", IF(R137="No 2nd dose","No 2nd dose", IF(R137=P137,"Same", IF(R137>P137,"Higher","Lower") ) ) ) -> Higher | T137: =IFERROR( AVERAGEIFS( Labs!$D:$D, Labs!$A:$A,$A137, Labs!$C:$C,"LAB B", Labs!$B:$B,"<"&$D137 ), "" ) -> 11.1875 | U137: =IFERROR( AVERAGEIFS( Labs!$D:$D, Labs!$A:$A,$A137, Labs!$C:$C,"LAB B", Labs!$B:$B,">="&$D137 ), "" ) -> 9.05
A138: 23 | B138: 41102 | C138: 41142 | F138: =IF(AND(NOT(ISBLANK(B138)),NOT(ISBLANK(D138)),D138 > B138), "Yes", "No") -> No | G138: =IF(AND(ISBLANK(B138), NOT(ISBLANK(D138))), "Yes", "No") -> No | H138: =IF(NOT(ISBLANK(D138)), TEXT(D138, "mmm yyyy"), "Never Started B") -> Never Started B | I138: =IF(OR(B138="",C138=""),"", ((C138-B138)+1)/7) -> 5.8571429 | J138: =IF(I138="","", I138/4.33) -> 1.3526889 | K138: =SUMIFS( Admin!$D:$D, Admin!$A:$A, $A138, Admin!$B:$B, "Med A", Admin!$C:$C, ">=" & $B138, Admin!$C:$C, "<=" & $C138 ) -> 109800 | L138: =IF(AND(B138="",C138=""), "Never took A", IF(B138=C138, K138, IF(J138=0, 0, K138/J138) ) ) -> 81171.659 | M138: =SUMIFS(Admin!$D:$D,Admin!$A:$A,$A138, Admin!$B:$B,"Med B") -> 0 | N138: =COUNTIFS(Admin!$A:$A,$A138, Admin!$B:$B,"Med B") -> 0 | O138: =IF(N138=0,"Never took B",M138/N138) -> Never took B | P138: =IF(D138="", "Never took B", SUMIFS(Admin!$D:$D, Admin!$A:$A,$A138, Admin!$B:$B,"Med B", Admin!$C:$C,D138) ) -> Never took B | Q138: =IF(D138="","", EDATE(DATE(YEAR(D138),MONTH(D138),1),1) ) | R138: =IF(Q138="","", SUMIFS(Admin!$D:$D, Admin!$A:$A,$A138, Admin!$B:$B,"Med B", Admin!$C:$C,">="&Q138, Admin!$C:$C,"<"&EDATE(Q138,1)) ) | S138: =IF(P138="Never took B","Never took B", IF(R138="No 2nd dose","No 2nd dose", IF(R138=P138,"Same", IF(R138>P138,"Higher","Lower") ) ) ) -> Never took B | T138: =IFERROR( AVERAGEIFS( Labs!$D:$D, Labs!$A:$A,$A138, Labs!$C:$C,"LAB B", Labs!$B:$B,"<"&$D138 ), "" ) | U138: =IFERROR( AVERAGEIFS( Labs!$D:$D, Labs!$A:$A,$A138, Labs!$C:$C,"LAB B", Labs!$B:$B,">="&$D138 ), "" )
A139: 24 | D139: 41177 | E139: 41188 | F139: =IF(AND(NOT(ISBLANK(B139)),NOT(ISBLANK(D139)),D139 > B139), "Yes", "No") -> No | G139: =IF(AND(ISBLANK(B139), NOT(ISBLANK(D139))), "Yes", "No") -> Yes | H139: =IF(NOT(ISBLANK(D139)), TEXT(D139, "mmm yyyy"), "Never Started B") -> Sep 2012 | I139: =IF(OR(B139="",C139=""),"", ((C139-B139)+1)/7) | J139: =IF(I139="","", I139/4.33) | K139: =SUMIFS( Admin!$D:$D, Admin!$A:$A, $A139, Admin!$B:$B, "Med A", Admin!$C:$C, ">=" & $B139, Admin!$C:$C, "<=" & $C139 ) -> 0 | L139: =IF(AND(B139="",C139=""), "Never took A", IF(B139=C139, K139, IF(J139=0, 0, K139/J139) ) ) -> Never took A | M139: =SUMIFS(Admin!$D:$D,Admin!$A:$A,$A139, Admin!$B:$B,"Med B") -> 8 | N139: =COUNTIFS(Admin!$A:$A,$A139, Admin!$B:$B,"Med B") -> 2 | O139: =IF(N139=0,"Never took B",M139/N139) -> 4 | P139: =IF(D139="", "Never took B", SUMIFS(Admin!$D:$D, Admin!$A:$A,$A139, Admin!$B:$B,"Med B", Admin!$C:$C,D139) ) -> 3 | Q139: =IF(D139="","", EDATE(DATE(YEAR(D139),MONTH(D139),1),1) ) -> 41183 | R139: =IF(Q139="","", SUMIFS(Admin!$D:$D, Admin!$A:$A,$A139, Admin!$B:$B,"Med B", Admin!$C:$C,">="&Q139, Admin!$C:$C,"<"&EDATE(Q139,1)) ) -> 5 | S139: =IF(P139="Never took B","Never took B", IF(R139="No 2nd dose","No 2nd dose", IF(R139=P139,"Same", IF(R139>P139,"Higher","Lower") ) ) ) -> Higher | T139: =IFERROR( AVERAGEIFS( Labs!$D:$D, Labs!$A:$A,$A139, Labs!$C:$C,"LAB B", Labs!$B:$B,"<"&$D139 ), "" ) | U139: =IFERROR( AVERAGEIFS( Labs!$D:$D, Labs!$A:$A,$A139, Labs!$C:$C,"LAB B", Labs!$B:$B,">="&$D139 ), "" ) -> 7.35
A140: 25 | B140: 41148 | C140: 41157 | D140: 41164 | E140: 41227 | F140: =IF(AND(NOT(ISBLANK(B140)),NOT(ISBLANK(D140)),D140 > B140), "Yes", "No") -> Yes | G140: =IF(AND(ISBLANK(B140), NOT(ISBLANK(D140))), "Yes", "No") -> No | H140: =IF(NOT(ISBLANK(D140)), TEXT(D140, "mmm yyyy"), "Never Started B") -> Sep 2012 | I140: =IF(OR(B140="",C140=""),"", ((C140-B140)+1)/7) -> 1.4285714 | J140: =IF(I140="","", I140/4.33) -> 0.32992412 | K140: =SUMIFS( Admin!$D:$D, Admin!$A:$A, $A140, Admin!$B:$B, "Med A", Admin!$C:$C, ">=" & $B140, Admin!$C:$C, "<=" & $C140 ) -> 15000 | L140: =IF(AND(B140="",C140=""), "Never took A", IF(B140=C140, K140, IF(J140=0, 0, K140/J140) ) ) -> 45465 | M140: =SUMIFS(Admin!$D:$D,Admin!$A:$A,$A140, Admin!$B:$B,"Med B") -> 18 | N140: =COUNTIFS(Admin!$A:$A,$A140, Admin!$B:$B,"Med B") -> 3 | O140: =IF(N140=0,"Never took B",M140/N140) -> 6 | P140: =IF(D140="", "Never took B", SUMIFS(Admin!$D:$D, Admin!$A:$A,$A140, Admin!$B:$B,"Med B", Admin!$C:$C,D140) ) -> 6 | Q140: =IF(D140="","", EDATE(DATE(YEAR(D140),MONTH(D140),1),1) ) -> 41183 | R140: =IF(Q140="","", SUMIFS(Admin!$D:$D, Admin!$A:$A,$A140, Admin!$B:$B,"Med B", Admin!$C:$C,">="&Q140, Admin!$C:$C,"<"&EDATE(Q140,1)) ) -> 6 | S140: =IF(P140="Never took B","Never took B", IF(R140="No 2nd dose","No 2nd dose", IF(R140=P140,"Same", IF(R140>P140,"Higher","Lower") ) ) ) -> Same | T140: =IFERROR( AVERAGEIFS( Labs!$D:$D, Labs!$A:$A,$A140, Labs!$C:$C,"LAB B", Labs!$B:$B,"<"&$D140 ), "" ) -> 9.45 | U140: =IFERROR( AVERAGEIFS( Labs!$D:$D, Labs!$A:$A,$A140, Labs!$C:$C,"LAB B", Labs!$B:$B,">="&$D140 ), "" ) -> 10.216667
A141: 26 | B141: 41127 | C141: 41127 | F141: =IF(AND(NOT(ISBLANK(B141)),NOT(ISBLANK(D141)),D141 > B141), "Yes", "No") -> No | G141: =IF(AND(ISBLANK(B141), NOT(ISBLANK(D141))), "Yes", "No") -> No | H141: =IF(NOT(ISBLANK(D141)), TEXT(D141, "mmm yyyy"), "Never Started B") -> Never Started B | I141: =IF(OR(B141="",C141=""),"", ((C141-B141)+1)/7) -> 0.14285714 | J141: =IF(I141="","", I141/4.33) -> 0.032992412 | K141: =SUMIFS( Admin!$D:$D, Admin!$A:$A, $A141, Admin!$B:$B, "Med A", Admin!$C:$C, ">=" & $B141, Admin!$C:$C, "<=" & $C141 ) -> 13800 | L141: =IF(AND(B141="",C141=""), "Never took A", IF(B141=C141, K141, IF(J141=0, 0, K141/J141) ) ) -> 13800 | M141: =SUMIFS(Admin!$D:$D,Admin!$A:$A,$A141, Admin!$B:$B,"Med B") -> 0 | N141: =COUNTIFS(Admin!$A:$A,$A141, Admin!$B:$B,"Med B") -> 0 | O141: =IF(N141=0,"Never took B",M141/N141) -> Never took B | P141: =IF(D141="", "Never took B", SUMIFS(Admin!$D:$D, Admin!$A:$A,$A141, Admin!$B:$B,"Med B", Admin!$C:$C,D141) ) -> Never took B | Q141: =IF(D141="","", EDATE(DATE(YEAR(D141),MONTH(D141),1),1) ) | R141: =IF(Q141="","", SUMIFS(Admin!$D:$D, Admin!$A:$A,$A141, Admin!$B:$B,"Med B", Admin!$C:$C,">="&Q141, Admin!$C:$C,"<"&EDATE(Q141,1)) ) | S141: =IF(P141="Never took B","Never took B", IF(R141="No 2nd dose","No 2nd dose", IF(R141=P141,"Same", IF(R141>P141,"Higher","Lower") ) ) ) -> Never took B | T141: =IFERROR( AVERAGEIFS( Labs!$D:$D, Labs!$A:$A,$A141, Labs!$C:$C,"LAB B", Labs!$B:$B,"<"&$D141 ), "" ) | U141: =IFERROR( AVERAGEIFS( Labs!$D:$D, Labs!$A:$A,$A141, Labs!$C:$C,"LAB B", Labs!$B:$B,">="&$D141 ), "" )
A142: 27 | B142: 41233 | C142: 41236 | F142: =IF(AND(NOT(ISBLANK(B142)),NOT(ISBLANK(D142)),D142 > B142), "Yes", "No") -> No | G142: =IF(AND(ISBLANK(B142), NOT(ISBLANK(D142))), "Yes", "No") -> No | H142: =IF(NOT(ISBLANK(D142)), TEXT(D142, "mmm yyyy"), "Never Started B") -> Never Started B | I142: =IF(OR(B142="",C142=""),"", ((C142-B142)+1)/7) -> 0.57142857 | J142: =IF(I142="","", I142/4.33) -> 0.13196965 | K142: =SUMIFS( Admin!$D:$D, Admin!$A:$A, $A142, Admin!$B:$B, "Med A", Admin!$C:$C, ">=" & $B142, Admin!$C:$C, "<=" & $C142 ) -> 2400 | L142: =IF(AND(B142="",C142=""), "Never took A", IF(B142=C142, K142, IF(J142=0, 0, K142/J142) ) ) -> 18186 | M142: =SUMIFS(Admin!$D:$D,Admin!$A:$A,$A142, Admin!$B:$B,"Med B") -> 0 | N142: =COUNTIFS(Admin!$A:$A,$A142, Admin!$B:$B,"Med B") -> 0 | O142: =IF(N142=0,"Never took B",M142/N142) -> Never took B | P142: =IF(D142="", "Never took B", SUMIFS(Admin!$D:$D, Admin!$A:$A,$A142, Admin!$B:$B,"Med B", Admin!$C:$C,D142) ) -> Never took B | Q142: =IF(D142="","", EDATE(DATE(YEAR(D142),MONTH(D142),1),1) ) | R142: =IF(Q142="","", SUMIFS(Admin!$D:$D, Admin!$A:$A,$A142, Admin!$B:$B,"Med B", Admin!$C:$C,">="&Q142, Admin!$C:$C,"<"&EDATE(Q142,1)) ) | S142: =IF(P142="Never took B","Never took B", IF(R142="No 2nd dose","No 2nd dose", IF(R142=P142,"Same", IF(R142>P142,"Higher","Lower") ) ) ) -> Never took B | T142: =IFERROR( AVERAGEIFS( Labs!$D:$D, Labs!$A:$A,$A142, Labs!$C:$C,"LAB B", Labs!$B:$B,"<"&$D142 ), "" ) | U142: =IFERROR( AVERAGEIFS( Labs!$D:$D, Labs!$A:$A,$A142, Labs!$C:$C,"LAB B", Labs!$B:$B,">="&$D142 ), "" )
A143: 28 | B143: 41099 | C143: 41138 | D143: 41164 | E143: 41227 | F143: =IF(AND(NOT(ISBLANK(B143)),NOT(ISBLANK(D143)),D143 > B143), "Yes", "No") -> Yes | G143: =IF(AND(ISBLANK(B143), NOT(ISBLANK(D143))), "Yes", "No") -> No | H143: =IF(NOT(ISBLANK(D143)), TEXT(D143, "mmm yyyy"), "Never Started B") -> Sep 2012 | I143: =IF(OR(B143="",C143=""),"", ((C143-B143)+1)/7) -> 5.7142857 | J143: =IF(I143="","", I143/4.33) -> 1.3196965 | K143: =SUMIFS( Admin!$D:$D, Admin!$A:$A, $A143, Admin!$B:$B, "Med A", Admin!$C:$C, ">=" & $B143, Admin!$C:$C, "<=" & $C143 ) -> 95500 | L143: =IF(AND(B143="",C143=""), "Never took A", IF(B143=C143, K143, IF(J143=0, 0, K143/J143) ) ) -> 72365.125 | M143: =SUMIFS(Admin!$D:$D,Admin!$A:$A,$A143, Admin!$B:$B,"Med B") -> 8 | N143: =COUNTIFS(Admin!$A:$A,$A143, Admin!$B:$B,"Med B") -> 2 | O143: =IF(N143=0,"Never took B",M143/N143) -> 4 | P143: =IF(D143="", "Never took B", SUMIFS(Admin!$D:$D, Admin!$A:$A,$A143, Admin!$B:$B,"Med B", Admin!$C:$C,D143) ) -> 6 | Q143: =IF(D143="","", EDATE(DATE(YEAR(D143),MONTH(D143),1),1) ) -> 41183 | R143: =IF(Q143="","", SUMIFS(Admin!$D:$D, Admin!$A:$A,$A143, Admin!$B:$B,"Med B", Admin!$C:$C,">="&Q143, Admin!$C:$C,"<"&EDATE(Q143,1)) ) -> 0 | S143: =IF(P143="Never took B","Never took B", IF(R143="No 2nd dose","No 2nd dose", IF(R143=P143,"Same", IF(R143>P143,"Higher","Lower") ) ) ) -> Lower | T143: =IFERROR( AVERAGEIFS( Labs!$D:$D, Labs!$A:$A,$A143, Labs!$C:$C,"LAB B", Labs!$B:$B,"<"&$D143 ), "" ) -> 11.283333 | U143: =IFERROR( AVERAGEIFS( Labs!$D:$D, Labs!$A:$A,$A143, Labs!$C:$C,"LAB B", Labs!$B:$B,">="&$D143 ), "" ) -> 10.65
A144: 29 | B144: 41093 | C144: 41156 | D144: 41165 | E144: 41230 | F144: =IF(AND(NOT(ISBLANK(B144)),NOT(ISBLANK(D144)),D144 > B144), "Yes", "No") -> Yes | G144: =IF(AND(ISBLANK(B144), NOT(ISBLANK(D144))), "Yes", "No") -> No | H144: =IF(NOT(ISBLANK(D144)), TEXT(D144, "mmm yyyy"), "Never Started B") -> Sep 2012 | I144: =IF(OR(B144="",C144=""),"", ((C144-B144)+1)/7) -> 9.1428571 | J144: =IF(I144="","", I144/4.33) -> 2.1115144 | K144: =SUMIFS( Admin!$D:$D, Admin!$A:$A, $A144, Admin!$B:$B, "Med A", Admin!$C:$C, ">=" & $B144, Admin!$C:$C, "<=" & $C144 ) -> 58000 | L144: =IF(AND(B144="",C144=""), "Never took A", IF(B144=C144, K144, IF(J144=0, 0, K144/J144) ) ) -> 27468.438 | M144: =SUMIFS(Admin!$D:$D,Admin!$A:$A,$A144, Admin!$B:$B,"Med B") -> 18 | N144: =COUNTIFS(Admin!$A:$A,$A144, Admin!$B:$B,"Med B") -> 2 | O144: =IF(N144=0,"Never took B",M144/N144) -> 9 | P144: =IF(D144="", "Never took B", SUMIFS(Admin!$D:$D, Admin!$A:$A,$A144, Admin!$B:$B,"Med B", Admin!$C:$C,D144) ) -> 8 | Q144: =IF(D144="","", EDATE(DATE(YEAR(D144),MONTH(D144),1),1) ) -> 41183 | R144: =IF(Q144="","", SUMIFS(Admin!$D:$D, Admin!$A:$A,$A144, Admin!$B:$B,"Med B", Admin!$C:$C,">="&Q144, Admin!$C:$C,"<"&EDATE(Q144,1)) ) -> 0 | S144: =IF(P144="Never took B","Never took B", IF(R144="No 2nd dose","No 2nd dose", IF(R144=P144,"Same", IF(R144>P144,"Higher","Lower") ) ) ) -> Lower | T144: =IFERROR( AVERAGEIFS( Labs!$D:$D, Labs!$A:$A,$A144, Labs!$C:$C,"LAB B", Labs!$B:$B,"<"&$D144 ), "" ) -> 10.985714 | U144: =IFERROR( AVERAGEIFS( Labs!$D:$D, Labs!$A:$A,$A144, Labs!$C:$C,"LAB B", Labs!$B:$B,">="&$D144 ), "" ) -> 10.416667
A145: 30 | B145: 41092 | C145: 41158 | D145: 41165 | E145: 41200 | F145: =IF(AND(NOT(ISBLANK(B145)),NOT(ISBLANK(D145)),D145 > B145), "Yes", "No") -> Yes | G145: =IF(AND(ISBLANK(B145), NOT(ISBLANK(D145))), "Yes", "No") -> No | H145: =IF(NOT(ISBLANK(D145)), TEXT(D145, "mmm yyyy"), "Never Started B") -> Sep 2012 | I145: =IF(OR(B145="",C145=""),"", ((C145-B145)+1)/7) -> 9.5714286 | J145: =IF(I145="","", I145/4.33) -> 2.2104916 | K145: =SUMIFS( Admin!$D:$D, Admin!$A:$A, $A145, Admin!$B:$B, "Med A", Admin!$C:$C, ">=" & $B145, Admin!$C:$C, "<=" & $C145 ) -> 19000 | L145: =IF(AND(B145="",C145=""), "Never took A", IF(B145=C145, K145, IF(J145=0, 0, K145/J145) ) ) -> 8595.3731 | M145: =SUMIFS(Admin!$D:$D,Admin!$A:$A,$A145, Admin!$B:$B,"Med B") -> 5 | N145: =COUNTIFS(Admin!$A:$A,$A145, Admin!$B:$B,"Med B") -> 2 | O145: =IF(N145=0,"Never took B",M145/N145) -> 2.5 | P145: =IF(D145="", "Never took B", SUMIFS(Admin!$D:$D, Admin!$A:$A,$A145, Admin!$B:$B,"Med B", Admin!$C:$C,D145) ) -> 2 | Q145: =IF(D145="","", EDATE(DATE(YEAR(D145),MONTH(D145),1),1) ) -> 41183 | R145: =IF(Q145="","", SUMIFS(Admin!$D:$D, Admin!$A:$A,$A145, Admin!$B:$B,"Med B", Admin!$C:$C,">="&Q145, Admin!$C:$C,"<"&EDATE(Q145,1)) ) -> 3 | S145: =IF(P145="Never took B","Never took B", IF(R145="No 2nd dose","No 2nd dose", IF(R145=P145,"Same", IF(R145>P145,"Higher","Lower") ) ) ) -> Higher | T145: =IFERROR( AVERAGEIFS( Labs!$D:$D, Labs!$A:$A,$A145, Labs!$C:$C,"LAB B", Labs!$B:$B,"<"&$D145 ), "" ) -> 10.916667 | U145: =IFERROR( AVERAGEIFS( Labs!$D:$D, Labs!$A:$A,$A145, Labs!$C:$C,"LAB B", Labs!$B:$B,">="&$D145 ), "" ) -> 11.3
A146: 31 | B146: 41097 | C146: 41125 | D146: 41167 | E146: 41228 | F146: =IF(AND(NOT(ISBLANK(B146)),NOT(ISBLANK(D146)),D146 > B146), "Yes", "No") -> Yes | G146: =IF(AND(ISBLANK(B146), NOT(ISBLANK(D146))), "Yes", "No") -> No | H146: =IF(NOT(ISBLANK(D146)), TEXT(D146, "mmm yyyy"), "Never Started B") -> Sep 2012 | I146: =IF(OR(B146="",C146=""),"", ((C146-B146)+1)/7) -> 4.1428571 | J146: =IF(I146="","", I146/4.33) -> 0.95677994 | K146: =SUMIFS( Admin!$D:$D, Admin!$A:$A, $A146, Admin!$B:$B, "Med A", Admin!$C:$C, ">=" & $B146, Admin!$C:$C, "<=" & $C146 ) -> 106900 | L146: =IF(AND(B146="",C146=""), "Never took A", IF(B146=C146, K146, IF(J146=0, 0, K146/J146) ) ) -> 111728.93 | M146: =SUMIFS(Admin!$D:$D,Admin!$A:$A,$A146, Admin!$B:$B,"Med B") -> 39 | N146: =COUNTIFS(Admin!$A:$A,$A146, Admin!$B:$B,"Med B") -> 3 | O146: =IF(N146=0,"Never took B",M146/N146) -> 13 | P146: =IF(D146="", "Never took B", SUMIFS(Admin!$D:$D, Admin!$A:$A,$A146, Admin!$B:$B,"Med B", Admin!$C:$C,D146) ) -> 13 | Q146: =IF(D146="","", EDATE(DATE(YEAR(D146),MONTH(D146),1),1) ) -> 41183 | R146: =IF(Q146="","", SUMIFS(Admin!$D:$D, Admin!$A:$A,$A146, Admin!$B:$B,"Med B", Admin!$C:$C,">="&Q146, Admin!$C:$C,"<"&EDATE(Q146,1)) ) -> 13 | S146: =IF(P146="Never took B","Never took B", IF(R146="No 2nd dose","No 2nd dose", IF(R146=P146,"Same", IF(R146>P146,"Higher","Lower") ) ) ) -> Same | T146: =IFERROR( AVERAGEIFS( Labs!$D:$D, Labs!$A:$A,$A146, Labs!$C:$C,"LAB B", Labs!$B:$B,"<"&$D146 ), "" ) -> 10.7 | U146: =IFERROR( AVERAGEIFS( Labs!$D:$D, Labs!$A:$A,$A146, Labs!$C:$C,"LAB B", Labs!$B:$B,">="&$D146 ), "" ) -> 10.52
A147: 32 | B147: 41233 | C147: 41236 | F147: =IF(AND(NOT(ISBLANK(B147)),NOT(ISBLANK(D147)),D147 > B147), "Yes", "No") -> No | G147: =IF(AND(ISBLANK(B147), NOT(ISBLANK(D147))), "Yes", "No") -> No | H147: =IF(NOT(ISBLANK(D147)), TEXT(D147, "mmm yyyy"), "Never Started B") -> Never Started B | I147: =IF(OR(B147="",C147=""),"", ((C147-B147)+1)/7) -> 0.57142857 | J147: =IF(I147="","", I147/4.33) -> 0.13196965 | K147: =SUMIFS( Admin!$D:$D, Admin!$A:$A, $A147, Admin!$B:$B, "Med A", Admin!$C:$C, ">=" & $B147, Admin!$C:$C, "<=" & $C147 ) -> 28000 | L147: =IF(AND(B147="",C147=""), "Never took A", IF(B147=C147, K147, IF(J147=0, 0, K147/J147) ) ) -> 212170 | M147: =SUMIFS(Admin!$D:$D,Admin!$A:$A,$A147, Admin!$B:$B,"Med B") -> 0 | N147: =COUNTIFS(Admin!$A:$A,$A147, Admin!$B:$B,"Med B") -> 0 | O147: =IF(N147=0,"Never took B",M147/N147) -> Never took B | P147: =IF(D147="", "Never took B", SUMIFS(Admin!$D:$D, Admin!$A:$A,$A147, Admin!$B:$B,"Med B", Admin!$C:$C,D147) ) -> Never took B | Q147: =IF(D147="","", EDATE(DATE(YEAR(D147),MONTH(D147),1),1) ) | R147: =IF(Q147="","", SUMIFS(Admin!$D:$D, Admin!$A:$A,$A147, Admin!$B:$B,"Med B", Admin!$C:$C,">="&Q147, Admin!$C:$C,"<"&EDATE(Q147,1)) ) | S147: =IF(P147="Never took B","Never took B", IF(R147="No 2nd dose","No 2nd dose", IF(R147=P147,"Same", IF(R147>P147,"Higher","Lower") ) ) ) -> Never took B | T147: =IFERROR( AVERAGEIFS( Labs!$D:$D, Labs!$A:$A,$A147, Labs!$C:$C,"LAB B", Labs!$B:$B,"<"&$D147 ), "" ) | U147: =IFERROR( AVERAGEIFS( Labs!$D:$D, Labs!$A:$A,$A147, Labs!$C:$C,"LAB B", Labs!$B:$B,">="&$D147 ), "" )
A148: 33 | B148: 41093 | C148: 41156 | D148: 41205 | E148: 41229 | F148: =IF(AND(NOT(ISBLANK(B148)),NOT(ISBLANK(D148)),D148 > B148), "Yes", "No") -> Yes | G148: =IF(AND(ISBLANK(B148), NOT(ISBLANK(D148))), "Yes", "No") -> No | H148: =IF(NOT(ISBLANK(D148)), TEXT(D148, "mmm yyyy"), "Never Started B") -> Oct 2012 | I148: =IF(OR(B148="",C148=""),"", ((C148-B148)+1)/7) -> 9.1428571 | J148: =IF(I148="","", I148/4.33) -> 2.1115144 | K148: =SUMIFS( Admin!$D:$D, Admin!$A:$A, $A148, Admin!$B:$B, "Med A", Admin!$C:$C, ">=" & $B148, Admin!$C:$C, "<=" & $C148 ) -> 90000 | L148: =IF(AND(B148="",C148=""), "Never took A", IF(B148=C148, K148, IF(J148=0, 0, K148/J148) ) ) -> 42623.438 | M148: =SUMIFS(Admin!$D:$D,Admin!$A:$A,$A148, Admin!$B:$B,"Med B") -> 10 | N148: =COUNTIFS(Admin!$A:$A,$A148, Admin!$B:$B,"Med B") -> 2 | O148: =IF(N148=0,"Never took B",M148/N148) -> 5 | P148: =IF(D148="", "Never took B", SUMIFS(Admin!$D:$D, Admin!$A:$A,$A148, Admin!$B:$B,"Med B", Admin!$C:$C,D148) ) -> 5 | Q148: =IF(D148="","", EDATE(DATE(YEAR(D148),MONTH(D148),1),1) ) -> 41214 | R148: =IF(Q148="","", SUMIFS(Admin!$D:$D, Admin!$A:$A,$A148, Admin!$B:$B,"Med B", Admin!$C:$C,">="&Q148, Admin!$C:$C,"<"&EDATE(Q148,1)) ) -> 5 | S148: =IF(P148="Never took B","Never took B", IF(R148="No 2nd dose","No 2nd dose", IF(R148=P148,"Same", IF(R148>P148,"Higher","Lower") ) ) ) -> Same | T148: =IFERROR( AVERAGEIFS( Labs!$D:$D, Labs!$A:$A,$A148, Labs!$C:$C,"LAB B", Labs!$B:$B,"<"&$D148 ), "" ) -> 10.1 | U148: =IFERROR( AVERAGEIFS( Labs!$D:$D, Labs!$A:$A,$A148, Labs!$C:$C,"LAB B", Labs!$B:$B,">="&$D148 ), "" ) -> 9.48
A149: 34 | D149: 41192 | E149: 41227 | F149: =IF(AND(NOT(ISBLANK(B149)),NOT(ISBLANK(D149)),D149 > B149), "Yes", "No") -> No | G149: =IF(AND(ISBLANK(B149), NOT(ISBLANK(D149))), "Yes", "No") -> Yes | H149: =IF(NOT(ISBLANK(D149)), TEXT(D149, "mmm yyyy"), "Never Started B") -> Oct 2012 | I149: =IF(OR(B149="",C149=""),"", ((C149-B149)+1)/7) | J149: =IF(I149="","", I149/4.33) | K149: =SUMIFS( Admin!$D:$D, Admin!$A:$A, $A149, Admin!$B:$B, "Med A", Admin!$C:$C, ">=" & $B149, Admin!$C:$C, "<=" & $C149 ) -> 0 | L149: =IF(AND(B149="",C149=""), "Never took A", IF(B149=C149, K149, IF(J149=0, 0, K149/J149) ) ) -> Never took A | M149: =SUMIFS(Admin!$D:$D,Admin!$A:$A,$A149, Admin!$B:$B,"Med B") -> 6 | N149: =COUNTIFS(Admin!$A:$A,$A149, Admin!$B:$B,"Med B") -> 2 | O149: =IF(N149=0,"Never took B",M149/N149) -> 3 | P149: =IF(D149="", "Never took B", SUMIFS(Admin!$D:$D, Admin!$A:$A,$A149, Admin!$B:$B,"Med B", Admin!$C:$C,D149) ) -> 3 | Q149: =IF(D149="","", EDATE(DATE(YEAR(D149),MONTH(D149),1),1) ) -> 41214 | R149: =IF(Q149="","", SUMIFS(Admin!$D:$D, Admin!$A:$A,$A149, Admin!$B:$B,"Med B", Admin!$C:$C,">="&Q149, Admin!$C:$C,"<"&EDATE(Q149,1)) ) -> 3 | S149: =IF(P149="Never took B","Never took B", IF(R149="No 2nd dose","No 2nd dose", IF(R149=P149,"Same", IF(R149>P149,"Higher","Lower") ) ) ) -> Same | T149: =IFERROR( AVERAGEIFS( Labs!$D:$D, Labs!$A:$A,$A149, Labs!$C:$C,"LAB B", Labs!$B:$B,"<"&$D149 ), "" ) -> 10.1 | U149: =IFERROR( AVERAGEIFS( Labs!$D:$D, Labs!$A:$A,$A149, Labs!$C:$C,"LAB B", Labs!$B:$B,">="&$D149 ), "" ) -> 10.825
A150: 35 | B150: 41104 | C150: 41149 | D150: 41200 | E150: 41228 | F150: =IF(AND(NOT(ISBLANK(B150)),NOT(ISBLANK(D150)),D150 > B150), "Yes", "No") -> Yes | G150: =IF(AND(ISBLANK(B150), NOT(ISBLANK(D150))), "Yes", "No") -> No | H150: =IF(NOT(ISBLANK(D150)), TEXT(D150, "mmm yyyy"), "Never Started B") -> Oct 2012 | I150: =IF(OR(B150="",C150=""),"", ((C150-B150)+1)/7) -> 6.5714286 | J150: =IF(I150="","", I150/4.33) -> 1.5176509 | K150: =SUMIFS( Admin!$D:$D, Admin!$A:$A, $A150, Admin!$B:$B, "Med A", Admin!$C:$C, ">=" & $B150, Admin!$C:$C, "<=" & $C150 ) -> 187500 | L150: =IF(AND(B150="",C150=""), "Never took A", IF(B150=C150, K150, IF(J150=0, 0, K150/J150) ) ) -> 123546.2 | M150: =SUMIFS(Admin!$D:$D,Admin!$A:$A,$A150, Admin!$B:$B,"Med B") -> 8 | N150: =COUNTIFS(Admin!$A:$A,$A150, Admin!$B:$B,"Med B") -> 2 | O150: =IF(N150=0,"Never took B",M150/N150) -> 4 | P150: =IF(D150="", "Never took B", SUMIFS(Admin!$D:$D, Admin!$A:$A,$A150, Admin!$B:$B,"Med B", Admin!$C:$C,D150) ) -> 3 | Q150: =IF(D150="","", EDATE(DATE(YEAR(D150),MONTH(D150),1),1) ) -> 41214 | R150: =IF(Q150="","", SUMIFS(Admin!$D:$D, Admin!$A:$A,$A150, Admin!$B:$B,"Med B", Admin!$C:$C,">="&Q150, Admin!$C:$C,"<"&EDATE(Q150,1)) ) -> 5 | S150: =IF(P150="Never took B","Never took B", IF(R150="No 2nd dose","No 2nd dose", IF(R150=P150,"Same", IF(R150>P150,"Higher","Lower") ) ) ) -> Higher | T150: =IFERROR( AVERAGEIFS( Labs!$D:$D, Labs!$A:$A,$A150, Labs!$C:$C,"LAB B", Labs!$B:$B,"<"&$D150 ), "" ) -> 8.62 | U150: =IFERROR( AVERAGEIFS( Labs!$D:$D, Labs!$A:$A,$A150, Labs!$C:$C,"LAB B", Labs!$B:$B,">="&$D150 ), "" ) -> 8.325
A151: 36 | B151: 41092 | C151: 41138 | D151: 41164 | E151: 41227 | F151: =IF(AND(NOT(ISBLANK(B151)),NOT(ISBLANK(D151)),D151 > B151), "Yes", "No") -> Yes | G151: =IF(AND(ISBLANK(B151), NOT(ISBLANK(D151))), "Yes", "No") -> No | H151: =IF(NOT(ISBLANK(D151)), TEXT(D151, "mmm yyyy"), "Never Started B") -> Sep 2012 | I151: =IF(OR(B151="",C151=""),"", ((C151-B151)+1)/7) -> 6.7142857 | J151: =IF(I151="","", I151/4.33) -> 1.5506434 | K151: =SUMIFS( Admin!$D:$D, Admin!$A:$A, $A151, Admin!$B:$B, "Med A", Admin!$C:$C, ">=" & $B151, Admin!$C:$C, "<=" & $C151 ) -> 55500 | L151: =IF(AND(B151="",C151=""), "Never took A", IF(B151=C151, K151, IF(J151=0, 0, K151/J151) ) ) -> 35791.596 | M151: =SUMIFS(Admin!$D:$D,Admin!$A:$A,$A151, Admin!$B:$B,"Med B") -> 15 | N151: =COUNTIFS(Admin!$A:$A,$A151, Admin!$B:$B,"Med B") -> 3 | O151: =IF(N151=0,"Never took B",M151/N151) -> 5 | P151: =IF(D151="", "Never took B", SUMIFS(Admin!$D:$D, Admin!$A:$A,$A151, Admin!$B:$B,"Med B", Admin!$C:$C,D151) ) -> 6 | Q151: =IF(D151="","", EDATE(DATE(YEAR(D151),MONTH(D151),1),1) ) -> 41183 | R151: =IF(Q151="","", SUMIFS(Admin!$D:$D, Admin!$A:$A,$A151, Admin!$B:$B,"Med B", Admin!$C:$C,">="&Q151, Admin!$C:$C,"<"&EDATE(Q151,1)) ) -> 5 | S151: =IF(P151="Never took B","Never took B", IF(R151="No 2nd dose","No 2nd dose", IF(R151=P151,"Same", IF(R151>P151,"Higher","Lower") ) ) ) -> Lower | T151: =IFERROR( AVERAGEIFS( Labs!$D:$D, Labs!$A:$A,$A151, Labs!$C:$C,"LAB B", Labs!$B:$B,"<"&$D151 ), "" ) -> 11.55 | U151: =IFERROR( AVERAGEIFS( Labs!$D:$D, Labs!$A:$A,$A151, Labs!$C:$C,"LAB B", Labs!$B:$B,">="&$D151 ), "" ) -> 11.25
A152: 37 | D152: 41193 | E152: 41228 | F152: =IF(AND(NOT(ISBLANK(B152)),NOT(ISBLANK(D152)),D152 > B152), "Yes", "No") -> No | G152: =IF(AND(ISBLANK(B152), NOT(ISBLANK(D152))), "Yes", "No") -> Yes | H152: =IF(NOT(ISBLANK(D152)), TEXT(D152, "mmm yyyy"), "Never Started B") -> Oct 2012 | I152: =IF(OR(B152="",C152=""),"", ((C152-B152)+1)/7) | J152: =IF(I152="","", I152/4.33) | K152: =SUMIFS( Admin!$D:$D, Admin!$A:$A, $A152, Admin!$B:$B, "Med A", Admin!$C:$C, ">=" & $B152, Admin!$C:$C, "<=" & $C152 ) -> 0 | L152: =IF(AND(B152="",C152=""), "Never took A", IF(B152=C152, K152, IF(J152=0, 0, K152/J152) ) ) -> Never took A | M152: =SUMIFS(Admin!$D:$D,Admin!$A:$A,$A152, Admin!$B:$B,"Med B") -> 2 | N152: =COUNTIFS(Admin!$A:$A,$A152, Admin!$B:$B,"Med B") -> 2 | O152: =IF(N152=0,"Never took B",M152/N152) -> 1 | P152: =IF(D152="", "Never took B", SUMIFS(Admin!$D:$D, Admin!$A:$A,$A152, Admin!$B:$B,"Med B", Admin!$C:$C,D152) ) -> 1 | Q152: =IF(D152="","", EDATE(DATE(YEAR(D152),MONTH(D152),1),1) ) -> 41214 | R152: =IF(Q152="","", SUMIFS(Admin!$D:$D, Admin!$A:$A,$A152, Admin!$B:$B,"Med B", Admin!$C:$C,">="&Q152, Admin!$C:$C,"<"&EDATE(Q152,1)) ) -> 1 | S152: =IF(P152="Never took B","Never took B", IF(R152="No 2nd dose","No 2nd dose", IF(R152=P152,"Same", IF(R152>P152,"Higher","Lower") ) ) ) -> Same | T152: =IFERROR( AVERAGEIFS( Labs!$D:$D, Labs!$A:$A,$A152, Labs!$C:$C,"LAB B", Labs!$B:$B,"<"&$D152 ), "" ) -> 10.3 | U152: =IFERROR( AVERAGEIFS( Labs!$D:$D, Labs!$A:$A,$A152, Labs!$C:$C,"LAB B", Labs!$B:$B,">="&$D152 ), "" ) -> 11.233333
A153: 38 | B153: 41158 | C153: 41158 | D153: 41167 | E153: 41167 | F153: =IF(AND(NOT(ISBLANK(B153)),NOT(ISBLANK(D153)),D153 > B153), "Yes", "No") -> Yes | G153: =IF(AND(ISBLANK(B153), NOT(ISBLANK(D153))), "Yes", "No") -> No | H153: =IF(NOT(ISBLANK(D153)), TEXT(D153, "mmm yyyy"), "Never Started B") -> Sep 2012 | I153: =IF(OR(B153="",C153=""),"", ((C153-B153)+1)/7) -> 0.14285714 | J153: =IF(I153="","", I153/4.33) -> 0.032992412 | K153: =SUMIFS( Admin!$D:$D, Admin!$A:$A, $A153, Admin!$B:$B, "Med A", Admin!$C:$C, ">=" & $B153, Admin!$C:$C, "<=" & $C153 ) -> 2600 | L153: =IF(AND(B153="",C153=""), "Never took A", IF(B153=C153, K153, IF(J153=0, 0, K153/J153) ) ) -> 2600 | M153: =SUMIFS(Admin!$D:$D,Admin!$A:$A,$A153, Admin!$B:$B,"Med B") -> 5 | N153: =COUNTIFS(Admin!$A:$A,$A153, Admin!$B:$B,"Med B") -> 1 | O153: =IF(N153=0,"Never took B",M153/N153) -> 5 | P153: =IF(D153="", "Never took B", SUMIFS(Admin!$D:$D, Admin!$A:$A,$A153, Admin!$B:$B,"Med B", Admin!$C:$C,D153) ) -> 5 | Q153: =IF(D153="","", EDATE(DATE(YEAR(D153),MONTH(D153),1),1) ) -> 41183 | R153: =IF(Q153="","", SUMIFS(Admin!$D:$D, Admin!$A:$A,$A153, Admin!$B:$B,"Med B", Admin!$C:$C,">="&Q153, Admin!$C:$C,"<"&EDATE(Q153,1)) ) -> 0 | S153: =IF(P153="Never took B","Never took B", IF(R153="No 2nd dose","No 2nd dose", IF(R153=P153,"Same", IF(R153>P153,"Higher","Lower") ) ) ) -> Lower | T153: =IFERROR( AVERAGEIFS( Labs!$D:$D, Labs!$A:$A,$A153, Labs!$C:$C,"LAB B", Labs!$B:$B,"<"&$D153 ), "" ) -> 8.6 | U153: =IFERROR( AVERAGEIFS( Labs!$D:$D, Labs!$A:$A,$A153, Labs!$C:$C,"LAB B", Labs!$B:$B,">="&$D153 ), "" ) -> 8.85
A154: 39 | B154: 41093 | C154: 41157 | D154: 41165 | E154: 41165 | F154: =IF(AND(NOT(ISBLANK(B154)),NOT(ISBLANK(D154)),D154 > B154), "Yes", "No") -> Yes | G154: =IF(AND(ISBLANK(B154), NOT(ISBLANK(D154))), "Yes", "No") -> No | H154: =IF(NOT(ISBLANK(D154)), TEXT(D154, "mmm yyyy"), "Never Started B") -> Sep 2012 | I154: =IF(OR(B154="",C154=""),"", ((C154-B154)+1)/7) -> 9.2857143 | J154: =IF(I154="","", I154/4.33) -> 2.1445068 | K154: =SUMIFS( Admin!$D:$D, Admin!$A:$A, $A154, Admin!$B:$B, "Med A", Admin!$C:$C, ">=" & $B154, Admin!$C:$C, "<=" & $C154 ) -> 72000 | L154: =IF(AND(B154="",C154=""), "Never took A", IF(B154=C154, K154, IF(J154=0, 0, K154/J154) ) ) -> 33574.154 | M154: =SUMIFS(Admin!$D:$D,Admin!$A:$A,$A154, Admin!$B:$B,"Med B") -> 8 | N154: =COUNTIFS(Admin!$A:$A,$A154, Admin!$B:$B,"Med B") -> 1 | O154: =IF(N154=0,"Never took B",M154/N154) -> 8 | P154: =IF(D154="", "Never took B", SUMIFS(Admin!$D:$D, Admin!$A:$A,$A154, Admin!$B:$B,"Med B", Admin!$C:$C,D154) ) -> 8 | Q154: =IF(D154="","", EDATE(DATE(YEAR(D154),MONTH(D154),1),1) ) -> 41183 | R154: =IF(Q154="","", SUMIFS(Admin!$D:$D, Admin!$A:$A,$A154, Admin!$B:$B,"Med B", Admin!$C:$C,">="&Q154, Admin!$C:$C,"<"&EDATE(Q154,1)) ) -> 0 | S154: =IF(P154="Never took B","Never took B", IF(R154="No 2nd dose","No 2nd dose", IF(R154=P154,"Same", IF(R154>P154,"Higher","Lower") ) ) ) -> Lower | T154: =IFERROR( AVERAGEIFS( Labs!$D:$D, Labs!$A:$A,$A154, Labs!$C:$C,"LAB B", Labs!$B:$B,"<"&$D154 ), "" ) -> 10.94 | U154: =IFERROR( AVERAGEIFS( Labs!$D:$D, Labs!$A:$A,$A154, Labs!$C:$C,"LAB B", Labs!$B:$B,">="&$D154 ), "" ) -> 10.66
A155: 40 | B155: 41097 | C155: 41137 | F155: =IF(AND(NOT(ISBLANK(B155)),NOT(ISBLANK(D155)),D155 > B155), "Yes", "No") -> No | G155: =IF(AND(ISBLANK(B155), NOT(ISBLANK(D155))), "Yes", "No") -> No | H155: =IF(NOT(ISBLANK(D155)), TEXT(D155, "mmm yyyy"), "Never Started B") -> Never Started B | I155: =IF(OR(B155="",C155=""),"", ((C155-B155)+1)/7) -> 5.8571429 | J155: =IF(I155="","", I155/4.33) -> 1.3526889 | K155: =SUMIFS( Admin!$D:$D, Admin!$A:$A, $A155, Admin!$B:$B, "Med A", Admin!$C:$C, ">=" & $B155, Admin!$C:$C, "<=" & $C155 ) -> 57800 | L155: =IF(AND(B155="",C155=""), "Never took A", IF(B155=C155, K155, IF(J155=0, 0, K155/J155) ) ) -> 42729.707 | M155: =SUMIFS(Admin!$D:$D,Admin!$A:$A,$A155, Admin!$B:$B,"Med B") -> 0 | N155: =COUNTIFS(Admin!$A:$A,$A155, Admin!$B:$B,"Med B") -> 0 | O155: =IF(N155=0,"Never took B",M155/N155) -> Never took B | P155: =IF(D155="", "Never took B", SUMIFS(Admin!$D:$D, Admin!$A:$A,$A155, Admin!$B:$B,"Med B", Admin!$C:$C,D155) ) -> Never took B | Q155: =IF(D155="","", EDATE(DATE(YEAR(D155),MONTH(D155),1),1) ) | R155: =IF(Q155="","", SUMIFS(Admin!$D:$D, Admin!$A:$A,$A155, Admin!$B:$B,"Med B", Admin!$C:$C,">="&Q155, Admin!$C:$C,"<"&EDATE(Q155,1)) ) | S155: =IF(P155="Never took B","Never took B", IF(R155="No 2nd dose","No 2nd dose", IF(R155=P155,"Same", IF(R155>P155,"Higher","Lower") ) ) ) -> Never took B | T155: =IFERROR( AVERAGEIFS( Labs!$D:$D, Labs!$A:$A,$A155, Labs!$C:$C,"LAB B", Labs!$B:$B,"<"&$D155 ), "" ) | U155: =IFERROR( AVERAGEIFS( Labs!$D:$D, Labs!$A:$A,$A155, Labs!$C:$C,"LAB B", Labs!$B:$B,">="&$D155 ), "" )
A156: 41 | D156: 41165 | E156: 41193 | F156: =IF(AND(NOT(ISBLANK(B156)),NOT(ISBLANK(D156)),D156 > B156), "Yes", "No") -> No | G156: =IF(AND(ISBLANK(B156), NOT(ISBLANK(D156))), "Yes", "No") -> Yes | H156: =IF(NOT(ISBLANK(D156)), TEXT(D156, "mmm yyyy"), "Never Started B") -> Sep 2012 | I156: =IF(OR(B156="",C156=""),"", ((C156-B156)+1)/7) | J156: =IF(I156="","", I156/4.33) | K156: =SUMIFS( Admin!$D:$D, Admin!$A:$A, $A156, Admin!$B:$B, "Med A", Admin!$C:$C, ">=" & $B156, Admin!$C:$C, "<=" & $C156 ) -> 0 | L156: =IF(AND(B156="",C156=""), "Never took A", IF(B156=C156, K156, IF(J156=0, 0, K156/J156) ) ) -> Never took A | M156: =SUMIFS(Admin!$D:$D,Admin!$A:$A,$A156, Admin!$B:$B,"Med B") -> 12 | N156: =COUNTIFS(Admin!$A:$A,$A156, Admin!$B:$B,"Med B") -> 2 | O156: =IF(N156=0,"Never took B",M156/N156) -> 6 | P156: =IF(D156="", "Never took B", SUMIFS(Admin!$D:$D, Admin!$A:$A,$A156, Admin!$B:$B,"Med B", Admin!$C:$C,D156) ) -> 6 | Q156: =IF(D156="","", EDATE(DATE(YEAR(D156),MONTH(D156),1),1) ) -> 41183 | R156: =IF(Q156="","", SUMIFS(Admin!$D:$D, Admin!$A:$A,$A156, Admin!$B:$B,"Med B", Admin!$C:$C,">="&Q156, Admin!$C:$C,"<"&EDATE(Q156,1)) ) -> 6 | S156: =IF(P156="Never took B","Never took B", IF(R156="No 2nd dose","No 2nd dose", IF(R156=P156,"Same", IF(R156>P156,"Higher","Lower") ) ) ) -> Same | T156: =IFERROR( AVERAGEIFS( Labs!$D:$D, Labs!$A:$A,$A156, Labs!$C:$C,"LAB B", Labs!$B:$B,"<"&$D156 ), "" ) | U156: =IFERROR( AVERAGEIFS( Labs!$D:$D, Labs!$A:$A,$A156, Labs!$C:$C,"LAB B", Labs!$B:$B,">="&$D156 ), "" ) -> 9.2
A157: 42 | B157: 41103 | C157: 41108 | D157: 41194 | E157: 41227 | F157: =IF(AND(NOT(ISBLANK(B157)),NOT(ISBLANK(D157)),D157 > B157), "Yes", "No") -> Yes | G157: =IF(AND(ISBLANK(B157), NOT(ISBLANK(D157))), "Yes", "No") -> No | H157: =IF(NOT(ISBLANK(D157)), TEXT(D157, "mmm yyyy"), "Never Started B") -> Oct 2012 | I157: =IF(OR(B157="",C157=""),"", ((C157-B157)+1)/7) -> 0.85714286 | J157: =IF(I157="","", I157/4.33) -> 0.19795447 | K157: =SUMIFS( Admin!$D:$D, Admin!$A:$A, $A157, Admin!$B:$B, "Med A", Admin!$C:$C, ">=" & $B157, Admin!$C:$C, "<=" & $C157 ) -> 7800 | L157: =IF(AND(B157="",C157=""), "Never took A", IF(B157=C157, K157, IF(J157=0, 0, K157/J157) ) ) -> 39403 | M157: =SUMIFS(Admin!$D:$D,Admin!$A:$A,$A157, Admin!$B:$B,"Med B") -> 5 | N157: =COUNTIFS(Admin!$A:$A,$A157, Admin!$B:$B,"Med B") -> 2 | O157: =IF(N157=0,"Never took B",M157/N157) -> 2.5 | P157: =IF(D157="", "Never took B", SUMIFS(Admin!$D:$D, Admin!$A:$A,$A157, Admin!$B:$B,"Med B", Admin!$C:$C,D157) ) -> 2 | Q157: =IF(D157="","", EDATE(DATE(YEAR(D157),MONTH(D157),1),1) ) -> 41214 | R157: =IF(Q157="","", SUMIFS(Admin!$D:$D, Admin!$A:$A,$A157, Admin!$B:$B,"Med B", Admin!$C:$C,">="&Q157, Admin!$C:$C,"<"&EDATE(Q157,1)) ) -> 3 | S157: =IF(P157="Never took B","Never took B", IF(R157="No 2nd dose","No 2nd dose", IF(R157=P157,"Same", IF(R157>P157,"Higher","Lower") ) ) ) -> Higher | T157: =IFERROR( AVERAGEIFS( Labs!$D:$D, Labs!$A:$A,$A157, Labs!$C:$C,"LAB B", Labs!$B:$B,"<"&$D157 ), "" ) -> 12.16 | U157: =IFERROR( AVERAGEIFS( Labs!$D:$D, Labs!$A:$A,$A157, Labs!$C:$C,"LAB B", Labs!$B:$B,">="&$D157 ), "" ) -> 11.65
A158: 43 | B158: 41092 | C158: 41096 | F158: =IF(AND(NOT(ISBLANK(B158)),NOT(ISBLANK(D158)),D158 > B158), "Yes", "No") -> No | G158: =IF(AND(ISBLANK(B158), NOT(ISBLANK(D158))), "Yes", "No") -> No | H158: =IF(NOT(ISBLANK(D158)), TEXT(D158, "mmm yyyy"), "Never Started B") -> Never Started B | I158: =IF(OR(B158="",C158=""),"", ((C158-B158)+1)/7) -> 0.71428571 | J158: =IF(I158="","", I158/4.33) -> 0.16496206 | K158: =SUMIFS( Admin!$D:$D, Admin!$A:$A, $A158, Admin!$B:$B, "Med A", Admin!$C:$C, ">=" & $B158, Admin!$C:$C, "<=" & $C158 ) -> 9000 | L158: =IF(AND(B158="",C158=""), "Never took A", IF(B158=C158, K158, IF(J158=0, 0, K158/J158) ) ) -> 54558 | M158: =SUMIFS(Admin!$D:$D,Admin!$A:$A,$A158, Admin!$B:$B,"Med B") -> 0 | N158: =COUNTIFS(Admin!$A:$A,$A158, Admin!$B:$B,"Med B") -> 0 | O158: =IF(N158=0,"Never took B",M158/N158) -> Never took B | P158: =IF(D158="", "Never took B", SUMIFS(Admin!$D:$D, Admin!$A:$A,$A158, Admin!$B:$B,"Med B", Admin!$C:$C,D158) ) -> Never took B | Q158: =IF(D158="","", EDATE(DATE(YEAR(D158),MONTH(D158),1),1) ) | R158: =IF(Q158="","", SUMIFS(Admin!$D:$D, Admin!$A:$A,$A158, Admin!$B:$B,"Med B", Admin!$C:$C,">="&Q158, Admin!$C:$C,"<"&EDATE(Q158,1)) ) | S158: =IF(P158="Never took B","Never took B", IF(R158="No 2nd dose","No 2nd dose", IF(R158=P158,"Same", IF(R158>P158,"Higher","Lower") ) ) ) -> Never took B | T158: =IFERROR( AVERAGEIFS( Labs!$D:$D, Labs!$A:$A,$A158, Labs!$C:$C,"LAB B", Labs!$B:$B,"<"&$D158 ), "" ) | U158: =IFERROR( AVERAGEIFS( Labs!$D:$D, Labs!$A:$A,$A158, Labs!$C:$C,"LAB B", Labs!$B:$B,">="&$D158 ), "" )
A159: 44 | D159: 41195 | E159: 41195 | F159: =IF(AND(NOT(ISBLANK(B159)),NOT(ISBLANK(D159)),D159 > B159), "Yes", "No") -> No | G159: =IF(AND(ISBLANK(B159), NOT(ISBLANK(D159))), "Yes", "No") -> Yes | H159: =IF(NOT(ISBLANK(D159)), TEXT(D159, "mmm yyyy"), "Never Started B") -> Oct 2012 | I159: =IF(OR(B159="",C159=""),"", ((C159-B159)+1)/7) | J159: =IF(I159="","", I159/4.33) | K159: =SUMIFS( Admin!$D:$D, Admin!$A:$A, $A159, Admin!$B:$B, "Med A", Admin!$C:$C, ">=" & $B159, Admin!$C:$C, "<=" & $C159 ) -> 0 | L159: =IF(AND(B159="",C159=""), "Never took A", IF(B159=C159, K159, IF(J159=0, 0, K159/J159) ) ) -> Never took A | M159: =SUMIFS(Admin!$D:$D,Admin!$A:$A,$A159, Admin!$B:$B,"Med B") -> 2 | N159: =COUNTIFS(Admin!$A:$A,$A159, Admin!$B:$B,"Med B") -> 1 | O159: =IF(N159=0,"Never took B",M159/N159) -> 2 | P159: =IF(D159="", "Never took B", SUMIFS(Admin!$D:$D, Admin!$A:$A,$A159, Admin!$B:$B,"Med B", Admin!$C:$C,D159) ) -> 2 | Q159: =IF(D159="","", EDATE(DATE(YEAR(D159),MONTH(D159),1),1) ) -> 41214 | R159: =IF(Q159="","", SUMIFS(Admin!$D:$D, Admin!$A:$A,$A159, Admin!$B:$B,"Med B", Admin!$C:$C,">="&Q159, Admin!$C:$C,"<"&EDATE(Q159,1)) ) -> 0 | S159: =IF(P159="Never took B","Never took B", IF(R159="No 2nd dose","No 2nd dose", IF(R159=P159,"Same", IF(R159>P159,"Higher","Lower") ) ) ) -> Lower | T159: =IFERROR( AVERAGEIFS( Labs!$D:$D, Labs!$A:$A,$A159, Labs!$C:$C,"LAB B", Labs!$B:$B,"<"&$D159 ), "" ) -> 11.35 | U159: =IFERROR( AVERAGEIFS( Labs!$D:$D, Labs!$A:$A,$A159, Labs!$C:$C,"LAB B", Labs!$B:$B,">="&$D159 ), "" )
A160: 45 | D160: 41227 | E160: 41227 | F160: =IF(AND(NOT(ISBLANK(B160)),NOT(ISBLANK(D160)),D160 > B160), "Yes", "No") -> No | G160: =IF(AND(ISBLANK(B160), NOT(ISBLANK(D160))), "Yes", "No") -> Yes | H160: =IF(NOT(ISBLANK(D160)), TEXT(D160, "mmm yyyy"), "Never Started B") -> Nov 2012 | I160: =IF(OR(B160="",C160=""),"", ((C160-B160)+1)/7) | J160: =IF(I160="","", I160/4.33) | K160: =SUMIFS( Admin!$D:$D, Admin!$A:$A, $A160, Admin!$B:$B, "Med A", Admin!$C:$C, ">=" & $B160, Admin!$C:$C, "<=" & $C160 ) -> 0 | L160: =IF(AND(B160="",C160=""), "Never took A", IF(B160=C160, K160, IF(J160=0, 0, K160/J160) ) ) -> Never took A | M160: =SUMIFS(Admin!$D:$D,Admin!$A:$A,$A160, Admin!$B:$B,"Med B") -> 2 | N160: =COUNTIFS(Admin!$A:$A,$A160, Admin!$B:$B,"Med B") -> 1 | O160: =IF(N160=0,"Never took B",M160/N160) -> 2 | P160: =IF(D160="", "Never took B", SUMIFS(Admin!$D:$D, Admin!$A:$A,$A160, Admin!$B:$B,"Med B", Admin!$C:$C,D160) ) -> 2 | Q160: =IF(D160="","", EDATE(DATE(YEAR(D160),MONTH(D160),1),1) ) -> 41244 | R160: =IF(Q160="","", SUMIFS(Admin!$D:$D, Admin!$A:$A,$A160, Admin!$B:$B,"Med B", Admin!$C:$C,">="&Q160, Admin!$C:$C,"<"&EDATE(Q160,1)) ) -> 0 | S160: =IF(P160="Never took B","Never took B", IF(R160="No 2nd dose","No 2nd dose", IF(R160=P160,"Same", IF(R160>P160,"Higher","Lower") ) ) ) -> Lower | T160: =IFERROR( AVERAGEIFS( Labs!$D:$D, Labs!$A:$A,$A160, Labs!$C:$C,"LAB B", Labs!$B:$B,"<"&$D160 ), "" ) | U160: =IFERROR( AVERAGEIFS( Labs!$D:$D, Labs!$A:$A,$A160, Labs!$C:$C,"LAB B", Labs!$B:$B,">="&$D160 ), "" )
A161: 46 | B161: 41096 | C161: 41157 | D161: 41164 | E161: 41227 | F161: =IF(AND(NOT(ISBLANK(B161)),NOT(ISBLANK(D161)),D161 > B161), "Yes", "No") -> Yes | G161: =IF(AND(ISBLANK(B161), NOT(ISBLANK(D161))), "Yes", "No") -> No | H161: =IF(NOT(ISBLANK(D161)), TEXT(D161, "mmm yyyy"), "Never Started B") -> Sep 2012 | I161: =IF(OR(B161="",C161=""),"", ((C161-B161)+1)/7) -> 8.8571429 | J161: =IF(I161="","", I161/4.33) -> 2.0455295 | K161: =SUMIFS( Admin!$D:$D, Admin!$A:$A, $A161, Admin!$B:$B, "Med A", Admin!$C:$C, ">=" & $B161, Admin!$C:$C, "<=" & $C161 ) -> 301600 | L161: =IF(AND(B161="",C161=""), "Never took A", IF(B161=C161, K161, IF(J161=0, 0, K161/J161) ) ) -> 147443.48 | M161: =SUMIFS(Admin!$D:$D,Admin!$A:$A,$A161, Admin!$B:$B,"Med B") -> 31 | N161: =COUNTIFS(Admin!$A:$A,$A161, Admin!$B:$B,"Med B") -> 3 | O161: =IF(N161=0,"Never took B",M161/N161) -> 10.333333 | P161: =IF(D161="", "Never took B", SUMIFS(Admin!$D:$D, Admin!$A:$A,$A161, Admin!$B:$B,"Med B", Admin!$C:$C,D161) ) -> 13 | Q161: =IF(D161="","", EDATE(DATE(YEAR(D161),MONTH(D161),1),1) ) -> 41183 | R161: =IF(Q161="","", SUMIFS(Admin!$D:$D, Admin!$A:$A,$A161, Admin!$B:$B,"Med B", Admin!$C:$C,">="&Q161, Admin!$C:$C,"<"&EDATE(Q161,1)) ) -> 8 | S161: =IF(P161="Never took B","Never took B", IF(R161="No 2nd dose","No 2nd dose", IF(R161=P161,"Same", IF(R161>P161,"Higher","Lower") ) ) ) -> Lower | T161: =IFERROR( AVERAGEIFS( Labs!$D:$D, Labs!$A:$A,$A161, Labs!$C:$C,"LAB B", Labs!$B:$B,"<"&$D161 ), "" ) -> 10.46 | U161: =IFERROR( AVERAGEIFS( Labs!$D:$D, Labs!$A:$A,$A161, Labs!$C:$C,"LAB B", Labs!$B:$B,">="&$D161 ), "" ) -> 9.6833333
A162: 47 | B162: 41092 | C162: 41157 | D162: 41164 | E162: 41227 | F162: =IF(AND(NOT(ISBLANK(B162)),NOT(ISBLANK(D162)),D162 > B162), "Yes", "No") -> Yes | G162: =IF(AND(ISBLANK(B162), NOT(ISBLANK(D162))), "Yes", "No") -> No | H162: =IF(NOT(ISBLANK(D162)), TEXT(D162, "mmm yyyy"), "Never Started B") -> Sep 2012 | I162: =IF(OR(B162="",C162=""),"", ((C162-B162)+1)/7) -> 9.4285714 | J162: =IF(I162="","", I162/4.33) -> 2.1774992 | K162: =SUMIFS( Admin!$D:$D, Admin!$A:$A, $A162, Admin!$B:$B, "Med A", Admin!$C:$C, ">=" & $B162, Admin!$C:$C, "<=" & $C162 ) -> 538000 | L162: =IF(AND(B162="",C162=""), "Never took A", IF(B162=C162, K162, IF(J162=0, 0, K162/J162) ) ) -> 247072.42 | M162: =SUMIFS(Admin!$D:$D,Admin!$A:$A,$A162, Admin!$B:$B,"Med B") -> 56 | N162: =COUNTIFS(Admin!$A:$A,$A162, Admin!$B:$B,"Med B") -> 3 | O162: =IF(N162=0,"Never took B",M162/N162) -> 18.666667 | P162: =IF(D162="", "Never took B", SUMIFS(Admin!$D:$D, Admin!$A:$A,$A162, Admin!$B:$B,"Med B", Admin!$C:$C,D162) ) -> 16 | Q162: =IF(D162="","", EDATE(DATE(YEAR(D162),MONTH(D162),1),1) ) -> 41183 | R162: =IF(Q162="","", SUMIFS(Admin!$D:$D, Admin!$A:$A,$A162, Admin!$B:$B,"Med B", Admin!$C:$C,">="&Q162, Admin!$C:$C,"<"&EDATE(Q162,1)) ) -> 20 | S162: =IF(P162="Never took B","Never took B", IF(R162="No 2nd dose","No 2nd dose", IF(R162=P162,"Same", IF(R162>P162,"Higher","Lower") ) ) ) -> Higher | T162: =IFERROR( AVERAGEIFS( Labs!$D:$D, Labs!$A:$A,$A162, Labs!$C:$C,"LAB B", Labs!$B:$B,"<"&$D162 ), "" ) -> 10.3 | U162: =IFERROR( AVERAGEIFS( Labs!$D:$D, Labs!$A:$A,$A162, Labs!$C:$C,"LAB B", Labs!$B:$B,">="&$D162 ), "" ) -> 8.6
A163: 48 | B163: 41092 | C163: 41157 | D163: 41164 | E163: 41227 | F163: =IF(AND(NOT(ISBLANK(B163)),NOT(ISBLANK(D163)),D163 > B163), "Yes", "No") -> Yes | G163: =IF(AND(ISBLANK(B163), NOT(ISBLANK(D163))), "Yes", "No") -> No | H163: =IF(NOT(ISBLANK(D163)), TEXT(D163, "mmm yyyy"), "Never Started B") -> Sep 2012 | I163: =IF(OR(B163="",C163=""),"", ((C163-B163)+1)/7) -> 9.4285714 | J163: =IF(I163="","", I163/4.33) -> 2.1774992 | K163: =SUMIFS( Admin!$D:$D, Admin!$A:$A, $A163, Admin!$B:$B, "Med A", Admin!$C:$C, ">=" & $B163, Admin!$C:$C, "<=" & $C163 ) -> 64400 | L163: =IF(AND(B163="",C163=""), "Never took A", IF(B163=C163, K163, IF(J163=0, 0, K163/J163) ) ) -> 29575.212 | M163: =SUMIFS(Admin!$D:$D,Admin!$A:$A,$A163, Admin!$B:$B,"Med B") -> 12 | N163: =COUNTIFS(Admin!$A:$A,$A163, Admin!$B:$B,"Med B") -> 3 | O163: =IF(N163=0,"Never took B",M163/N163) -> 4 | P163: =IF(D163="", "Never took B", SUMIFS(Admin!$D:$D, Admin!$A:$A,$A163, Admin!$B:$B,"Med B", Admin!$C:$C,D163) ) -> 4 | Q163: =IF(D163="","", EDATE(DATE(YEAR(D163),MONTH(D163),1),1) ) -> 41183 | R163: =IF(Q163="","", SUMIFS(Admin!$D:$D, Admin!$A:$A,$A163, Admin!$B:$B,"Med B", Admin!$C:$C,">="&Q163, Admin!$C:$C,"<"&EDATE(Q163,1)) ) -> 3 | S163: =IF(P163="Never took B","Never took B", IF(R163="No 2nd dose","No 2nd dose", IF(R163=P163,"Same", IF(R163>P163,"Higher","Lower") ) ) ) -> Lower | T163: =IFERROR( AVERAGEIFS( Labs!$D:$D, Labs!$A:$A,$A163, Labs!$C:$C,"LAB B", Labs!$B:$B,"<"&$D163 ), "" ) -> 11 | U163: =IFERROR( AVERAGEIFS( Labs!$D:$D, Labs!$A:$A,$A163, Labs!$C:$C,"LAB B", Labs!$B:$B,">="&$D163 ), "" ) -> 9.775
A164: 49 | B164: 41093 | C164: 41158 | D164: 41165 | E164: 41165 | F164: =IF(AND(NOT(ISBLANK(B164)),NOT(ISBLANK(D164)),D164 > B164), "Yes", "No") -> Yes | G164: =IF(AND(ISBLANK(B164), NOT(ISBLANK(D164))), "Yes", "No") -> No | H164: =IF(NOT(ISBLANK(D164)), TEXT(D164, "mmm yyyy"), "Never Started B") -> Sep 2012 | I164: =IF(OR(B164="",C164=""),"", ((C164-B164)+1)/7) -> 9.4285714 | J164: =IF(I164="","", I164/4.33) -> 2.1774992 | K164: =SUMIFS( Admin!$D:$D, Admin!$A:$A, $A164, Admin!$B:$B, "Med A", Admin!$C:$C, ">=" & $B164, Admin!$C:$C, "<=" & $C164 ) -> 37400 | L164: =IF(AND(B164="",C164=""), "Never took A", IF(B164=C164, K164, IF(J164=0, 0, K164/J164) ) ) -> 17175.667 | M164: =SUMIFS(Admin!$D:$D,Admin!$A:$A,$A164, Admin!$B:$B,"Med B") -> 4 | N164: =COUNTIFS(Admin!$A:$A,$A164, Admin!$B:$B,"Med B") -> 1 | O164: =IF(N164=0,"Never took B",M164/N164) -> 4 | P164: =IF(D164="", "Never took B", SUMIFS(Admin!$D:$D, Admin!$A:$A,$A164, Admin!$B:$B,"Med B", Admin!$C:$C,D164) ) -> 4 | Q164: =IF(D164="","", EDATE(DATE(YEAR(D164),MONTH(D164),1),1) ) -> 41183 | R164: =IF(Q164="","", SUMIFS(Admin!$D:$D, Admin!$A:$A,$A164, Admin!$B:$B,"Med B", Admin!$C:$C,">="&Q164, Admin!$C:$C,"<"&EDATE(Q164,1)) ) -> 0 | S164: =IF(P164="Never took B","Never took B", IF(R164="No 2nd dose","No 2nd dose", IF(R164=P164,"Same", IF(R164>P164,"Higher","Lower") ) ) ) -> Lower | T164: =IFERROR( AVERAGEIFS( Labs!$D:$D, Labs!$A:$A,$A164, Labs!$C:$C,"LAB B", Labs!$B:$B,"<"&$D164 ), "" ) -> 10.76 | U164: =IFERROR( AVERAGEIFS( Labs!$D:$D, Labs!$A:$A,$A164, Labs!$C:$C,"LAB B", Labs!$B:$B,">="&$D164 ), "" )
A165: 50 | B165: 41093 | C165: 41158 | F165: =IF(AND(NOT(ISBLANK(B165)),NOT(ISBLANK(D165)),D165 > B165), "Yes", "No") -> No | G165: =IF(AND(ISBLANK(B165), NOT(ISBLANK(D165))), "Yes", "No") -> No | H165: =IF(NOT(ISBLANK(D165)), TEXT(D165, "mmm yyyy"), "Never Started B") -> Never Started B | I165: =IF(OR(B165="",C165=""),"", ((C165-B165)+1)/7) -> 9.4285714 | J165: =IF(I165="","", I165/4.33) -> 2.1774992 | K165: =SUMIFS( Admin!$D:$D, Admin!$A:$A, $A165, Admin!$B:$B, "Med A", Admin!$C:$C, ">=" & $B165, Admin!$C:$C, "<=" & $C165 ) -> 192900 | L165: =IF(AND(B165="",C165=""), "Never took A", IF(B165=C165, K165, IF(J165=0, 0, K165/J165) ) ) -> 88587.864 | M165: =SUMIFS(Admin!$D:$D,Admin!$A:$A,$A165, Admin!$B:$B,"Med B") -> 0 | N165: =COUNTIFS(Admin!$A:$A,$A165, Admin!$B:$B,"Med B") -> 0 | O165: =IF(N165=0,"Never took B",M165/N165) -> Never took B | P165: =IF(D165="", "Never took B", SUMIFS(Admin!$D:$D, Admin!$A:$A,$A165, Admin!$B:$B,"Med B", Admin!$C:$C,D165) ) -> Never took B | Q165: =IF(D165="","", EDATE(DATE(YEAR(D165),MONTH(D165),1),1) ) | R165: =IF(Q165="","", SUMIFS(Admin!$D:$D, Admin!$A:$A,$A165, Admin!$B:$B,"Med B", Admin!$C:$C,">="&Q165, Admin!$C:$C,"<"&EDATE(Q165,1)) ) | S165: =IF(P165="Never took B","Never took B", IF(R165="No 2nd dose","No 2nd dose", IF(R165=P165,"Same", IF(R165>P165,"Higher","Lower") ) ) ) -> Never took B | T165: =IFERROR( AVERAGEIFS( Labs!$D:$D, Labs!$A:$A,$A165, Labs!$C:$C,"LAB B", Labs!$B:$B,"<"&$D165 ), "" ) | U165: =IFERROR( AVERAGEIFS( Labs!$D:$D, Labs!$A:$A,$A165, Labs!$C:$C,"LAB B", Labs!$B:$B,">="&$D165 ), "" )
A166: 51 | B166: 41093 | C166: 41093 | F166: =IF(AND(NOT(ISBLANK(B166)),NOT(ISBLANK(D166)),D166 > B166), "Yes", "No") -> No | G166: =IF(AND(ISBLANK(B166), NOT(ISBLANK(D166))), "Yes", "No") -> No | H166: =IF(NOT(ISBLANK(D166)), TEXT(D166, "mmm yyyy"), "Never Started B") -> Never Started B | I166: =IF(OR(B166="",C166=""),"", ((C166-B166)+1)/7) -> 0.14285714 | J166: =IF(I166="","", I166/4.33) -> 0.032992412 | K166: =SUMIFS( Admin!$D:$D, Admin!$A:$A, $A166, Admin!$B:$B, "Med A", Admin!$C:$C, ">=" & $B166, Admin!$C:$C, "<=" & $C166 ) -> 5000 | L166: =IF(AND(B166="",C166=""), "Never took A", IF(B166=C166, K166, IF(J166=0, 0, K166/J166) ) ) -> 5000 | M166: =SUMIFS(Admin!$D:$D,Admin!$A:$A,$A166, Admin!$B:$B,"Med B") -> 0 | N166: =COUNTIFS(Admin!$A:$A,$A166, Admin!$B:$B,"Med B") -> 0 | O166: =IF(N166=0,"Never took B",M166/N166) -> Never took B | P166: =IF(D166="", "Never took B", SUMIFS(Admin!$D:$D, Admin!$A:$A,$A166, Admin!$B:$B,"Med B", Admin!$C:$C,D166) ) -> Never took B | Q166: =IF(D166="","", EDATE(DATE(YEAR(D166),MONTH(D166),1),1) ) | R166: =IF(Q166="","", SUMIFS(Admin!$D:$D, Admin!$A:$A,$A166, Admin!$B:$B,"Med B", Admin!$C:$C,">="&Q166, Admin!$C:$C,"<"&EDATE(Q166,1)) ) | S166: =IF(P166="Never took B","Never took B", IF(R166="No 2nd dose","No 2nd dose", IF(R166=P166,"Same", IF(R166>P166,"Higher","Lower") ) ) ) -> Never took B | T166: =IFERROR( AVERAGEIFS( Labs!$D:$D, Labs!$A:$A,$A166, Labs!$C:$C,"LAB B", Labs!$B:$B,"<"&$D166 ), "" ) | U166: =IFERROR( AVERAGEIFS( Labs!$D:$D, Labs!$A:$A,$A166, Labs!$C:$C,"LAB B", Labs!$B:$B,">="&$D166 ), "" )
A167: 52 | B167: 41125 | C167: 41158 | D167: 41165 | E167: 41230 | F167: =IF(AND(NOT(ISBLANK(B167)),NOT(ISBLANK(D167)),D167 > B167), "Yes", "No") -> Yes | G167: =IF(AND(ISBLANK(B167), NOT(ISBLANK(D167))), "Yes", "No") -> No | H167: =IF(NOT(ISBLANK(D167)), TEXT(D167, "mmm yyyy"), "Never Started B") -> Sep 2012 | I167: =IF(OR(B167="",C167=""),"", ((C167-B167)+1)/7) -> 4.8571429 | J167: =IF(I167="","", I167/4.33) -> 1.121742 | K167: =SUMIFS( Admin!$D:$D, Admin!$A:$A, $A167, Admin!$B:$B, "Med A", Admin!$C:$C, ">=" & $B167, Admin!$C:$C, "<=" & $C167 ) -> 62000 | L167: =IF(AND(B167="",C167=""), "Never took A", IF(B167=C167, K167, IF(J167=0, 0, K167/J167) ) ) -> 55271.176 | M167: =SUMIFS(Admin!$D:$D,Admin!$A:$A,$A167, Admin!$B:$B,"Med B") -> 24 | N167: =COUNTIFS(Admin!$A:$A,$A167, Admin!$B:$B,"Med B") -> 3 | O167: =IF(N167=0,"Never took B",M167/N167) -> 8 | P167: =IF(D167="", "Never took B", SUMIFS(Admin!$D:$D, Admin!$A:$A,$A167, Admin!$B:$B,"Med B", Admin!$C:$C,D167) ) -> 8 | Q167: =IF(D167="","", EDATE(DATE(YEAR(D167),MONTH(D167),1),1) ) -> 41183 | R167: =IF(Q167="","", SUMIFS(Admin!$D:$D, Admin!$A:$A,$A167, Admin!$B:$B,"Med B", Admin!$C:$C,">="&Q167, Admin!$C:$C,"<"&EDATE(Q167,1)) ) -> 8 | S167: =IF(P167="Never took B","Never took B", IF(R167="No 2nd dose","No 2nd dose", IF(R167=P167,"Same", IF(R167>P167,"Higher","Lower") ) ) ) -> Same | T167: =IFERROR( AVERAGEIFS( Labs!$D:$D, Labs!$A:$A,$A167, Labs!$C:$C,"LAB B", Labs!$B:$B,"<"&$D167 ), "" ) -> 9.375 | U167: =IFERROR( AVERAGEIFS( Labs!$D:$D, Labs!$A:$A,$A167, Labs!$C:$C,"LAB B", Labs!$B:$B,">="&$D167 ), "" ) -> 10.666667
A168: 53 | B168: 41093 | C168: 41158 | D168: 41165 | E168: 41228 | F168: =IF(AND(NOT(ISBLANK(B168)),NOT(ISBLANK(D168)),D168 > B168), "Yes", "No") -> Yes | G168: =IF(AND(ISBLANK(B168), NOT(ISBLANK(D168))), "Yes", "No") -> No | H168: =IF(NOT(ISBLANK(D168)), TEXT(D168, "mmm yyyy"), "Never Started B") -> Sep 2012 | I168: =IF(OR(B168="",C168=""),"", ((C168-B168)+1)/7) -> 9.4285714 | J168: =IF(I168="","", I168/4.33) -> 2.1774992 | K168: =SUMIFS( Admin!$D:$D, Admin!$A:$A, $A168, Admin!$B:$B, "Med A", Admin!$C:$C, ">=" & $B168, Admin!$C:$C, "<=" & $C168 ) -> 15600 | L168: =IF(AND(B168="",C168=""), "Never took A", IF(B168=C168, K168, IF(J168=0, 0, K168/J168) ) ) -> 7164.1818 | M168: =SUMIFS(Admin!$D:$D,Admin!$A:$A,$A168, Admin!$B:$B,"Med B") -> 11 | N168: =COUNTIFS(Admin!$A:$A,$A168, Admin!$B:$B,"Med B") -> 3 | O168: =IF(N168=0,"Never took B",M168/N168) -> 3.6666667 | P168: =IF(D168="", "Never took B", SUMIFS(Admin!$D:$D, Admin!$A:$A,$A168, Admin!$B:$B,"Med B", Admin!$C:$C,D168) ) -> 4 | Q168: =IF(D168="","", EDATE(DATE(YEAR(D168),MONTH(D168),1),1) ) -> 41183 | R168: =IF(Q168="","", SUMIFS(Admin!$D:$D, Admin!$A:$A,$A168, Admin!$B:$B,"Med B", Admin!$C:$C,">="&Q168, Admin!$C:$C,"<"&EDATE(Q168,1)) ) -> 4 | S168: =IF(P168="Never took B","Never took B", IF(R168="No 2nd dose","No 2nd dose", IF(R168=P168,"Same", IF(R168>P168,"Higher","Lower") ) ) ) -> Same | T168: =IFERROR( AVERAGEIFS( Labs!$D:$D, Labs!$A:$A,$A168, Labs!$C:$C,"LAB B", Labs!$B:$B,"<"&$D168 ), "" ) -> 11.871429 | U168: =IFERROR( AVERAGEIFS( Labs!$D:$D, Labs!$A:$A,$A168, Labs!$C:$C,"LAB B", Labs!$B:$B,">="&$D168 ), "" ) -> 10.833333
A169: 54 | B169: 41092 | C169: 41155 | D169: 41164 | E169: 41227 | F169: =IF(AND(NOT(ISBLANK(B169)),NOT(ISBLANK(D169)),D169 > B169), "Yes", "No") -> Yes | G169: =IF(AND(ISBLANK(B169), NOT(ISBLANK(D169))), "Yes", "No") -> No | H169: =IF(NOT(ISBLANK(D169)), TEXT(D169, "mmm yyyy"), "Never Started B") -> Sep 2012 | I169: =IF(OR(B169="",C169=""),"", ((C169-B169)+1)/7) -> 9.1428571 | J169: =IF(I169="","", I169/4.33) -> 2.1115144 | K169: =SUMIFS( Admin!$D:$D, Admin!$A:$A, $A169, Admin!$B:$B, "Med A", Admin!$C:$C, ">=" & $B169, Admin!$C:$C, "<=" & $C169 ) -> 155900 | L169: =IF(AND(B169="",C169=""), "Never took A", IF(B169=C169, K169, IF(J169=0, 0, K169/J169) ) ) -> 73833.266 | M169: =SUMIFS(Admin!$D:$D,Admin!$A:$A,$A169, Admin!$B:$B,"Med B") -> 30 | N169: =COUNTIFS(Admin!$A:$A,$A169, Admin!$B:$B,"Med B") -> 3 | O169: =IF(N169=0,"Never took B",M169/N169) -> 10 | P169: =IF(D169="", "Never took B", SUMIFS(Admin!$D:$D, Admin!$A:$A,$A169, Admin!$B:$B,"Med B", Admin!$C:$C,D169) ) -> 10 | Q169: =IF(D169="","", EDATE(DATE(YEAR(D169),MONTH(D169),1),1) ) -> 41183 | R169: =IF(Q169="","", SUMIFS(Admin!$D:$D, Admin!$A:$A,$A169, Admin!$B:$B,"Med B", Admin!$C:$C,">="&Q169, Admin!$C:$C,"<"&EDATE(Q169,1)) ) -> 10 | S169: =IF(P169="Never took B","Never took B", IF(R169="No 2nd dose","No 2nd dose", IF(R169=P169,"Same", IF(R169>P169,"Higher","Lower") ) ) ) -> Same | T169: =IFERROR( AVERAGEIFS( Labs!$D:$D, Labs!$A:$A,$A169, Labs!$C:$C,"LAB B", Labs!$B:$B,"<"&$D169 ), "" ) -> 9.32 | U169: =IFERROR( AVERAGEIFS( Labs!$D:$D, Labs!$A:$A,$A169, Labs!$C:$C,"LAB B", Labs!$B:$B,">="&$D169 ), "" ) -> 10.557143
A170: 55 | B170: 41094 | C170: 41141 | F170: =IF(AND(NOT(ISBLANK(B170)),NOT(ISBLANK(D170)),D170 > B170), "Yes", "No") -> No | G170: =IF(AND(ISBLANK(B170), NOT(ISBLANK(D170))), "Yes", "No") -> No | H170: =IF(NOT(ISBLANK(D170)), TEXT(D170, "mmm yyyy"), "Never Started B") -> Never Started B | I170: =IF(OR(B170="",C170=""),"", ((C170-B170)+1)/7) -> 6.8571429 | J170: =IF(I170="","", I170/4.33) -> 1.5836358 | K170: =SUMIFS( Admin!$D:$D, Admin!$A:$A, $A170, Admin!$B:$B, "Med A", Admin!$C:$C, ">=" & $B170, Admin!$C:$C, "<=" & $C170 ) -> 99600 | L170: =IF(AND(B170="",C170=""), "Never took A", IF(B170=C170, K170, IF(J170=0, 0, K170/J170) ) ) -> 62893.25 | M170: =SUMIFS(Admin!$D:$D,Admin!$A:$A,$A170, Admin!$B:$B,"Med B") -> 0 | N170: =COUNTIFS(Admin!$A:$A,$A170, Admin!$B:$B,"Med B") -> 0 | O170: =IF(N170=0,"Never took B",M170/N170) -> Never took B | P170: =IF(D170="", "Never took B", SUMIFS(Admin!$D:$D, Admin!$A:$A,$A170, Admin!$B:$B,"Med B", Admin!$C:$C,D170) ) -> Never took B | Q170: =IF(D170="","", EDATE(DATE(YEAR(D170),MONTH(D170),1),1) ) | R170: =IF(Q170="","", SUMIFS(Admin!$D:$D, Admin!$A:$A,$A170, Admin!$B:$B,"Med B", Admin!$C:$C,">="&Q170, Admin!$C:$C,"<"&EDATE(Q170,1)) ) | S170: =IF(P170="Never took B","Never took B", IF(R170="No 2nd dose","No 2nd dose", IF(R170=P170,"Same", IF(R170>P170,"Higher","Lower") ) ) ) -> Never took B | T170: =IFERROR( AVERAGEIFS( Labs!$D:$D, Labs!$A:$A,$A170, Labs!$C:$C,"LAB B", Labs!$B:$B,"<"&$D170 ), "" ) | U170: =IFERROR( AVERAGEIFS( Labs!$D:$D, Labs!$A:$A,$A170, Labs!$C:$C,"LAB B", Labs!$B:$B,">="&$D170 ), "" )
A171: 56 | D171: 41179 | E171: 41228 | F171: =IF(AND(NOT(ISBLANK(B171)),NOT(ISBLANK(D171)),D171 > B171), "Yes", "No") -> No | G171: =IF(AND(ISBLANK(B171), NOT(ISBLANK(D171))), "Yes", "No") -> Yes | H171: =IF(NOT(ISBLANK(D171)), TEXT(D171, "mmm yyyy"), "Never Started B") -> Sep 2012 | I171: =IF(OR(B171="",C171=""),"", ((C171-B171)+1)/7) | J171: =IF(I171="","", I171/4.33) | K171: =SUMIFS( Admin!$D:$D, Admin!$A:$A, $A171, Admin!$B:$B, "Med A", Admin!$C:$C, ">=" & $B171, Admin!$C:$C, "<=" & $C171 ) -> 0 | L171: =IF(AND(B171="",C171=""), "Never took A", IF(B171=C171, K171, IF(J171=0, 0, K171/J171) ) ) -> Never took A | M171: =SUMIFS(Admin!$D:$D,Admin!$A:$A,$A171, Admin!$B:$B,"Med B") -> 8 | N171: =COUNTIFS(Admin!$A:$A,$A171, Admin!$B:$B,"Med B") -> 3 | O171: =IF(N171=0,"Never took B",M171/N171) -> 2.6666667 | P171: =IF(D171="", "Never took B", SUMIFS(Admin!$D:$D, Admin!$A:$A,$A171, Admin!$B:$B,"Med B", Admin!$C:$C,D171) ) -> 2 | Q171: =IF(D171="","", EDATE(DATE(YEAR(D171),MONTH(D171),1),1) ) -> 41183 | R171: =IF(Q171="","", SUMIFS(Admin!$D:$D, Admin!$A:$A,$A171, Admin!$B:$B,"Med B", Admin!$C:$C,">="&Q171, Admin!$C:$C,"<"&EDATE(Q171,1)) ) -> 3 | S171: =IF(P171="Never took B","Never took B", IF(R171="No 2nd dose","No 2nd dose", IF(R171=P171,"Same", IF(R171>P171,"Higher","Lower") ) ) ) -> Higher | T171: =IFERROR( AVERAGEIFS( Labs!$D:$D, Labs!$A:$A,$A171, Labs!$C:$C,"LAB B", Labs!$B:$B,"<"&$D171 ), "" ) -> 9.3 | U171: =IFERROR( AVERAGEIFS( Labs!$D:$D, Labs!$A:$A,$A171, Labs!$C:$C,"LAB B", Labs!$B:$B,">="&$D171 ), "" ) -> 9.025
A172: 57 | B172: 41092 | C172: 41122 | D172: 41164 | E172: 41227 | F172: =IF(AND(NOT(ISBLANK(B172)),NOT(ISBLANK(D172)),D172 > B172), "Yes", "No") -> Yes | G172: =IF(AND(ISBLANK(B172), NOT(ISBLANK(D172))), "Yes", "No") -> No | H172: =IF(NOT(ISBLANK(D172)), TEXT(D172, "mmm yyyy"), "Never Started B") -> Sep 2012 | I172: =IF(OR(B172="",C172=""),"", ((C172-B172)+1)/7) -> 4.4285714 | J172: =IF(I172="","", I172/4.33) -> 1.0227648 | K172: =SUMIFS( Admin!$D:$D, Admin!$A:$A, $A172, Admin!$B:$B, "Med A", Admin!$C:$C, ">=" & $B172, Admin!$C:$C, "<=" & $C172 ) -> 216000 | L172: =IF(AND(B172="",C172=""), "Never took A", IF(B172=C172, K172, IF(J172=0, 0, K172/J172) ) ) -> 211192.26 | M172: =SUMIFS(Admin!$D:$D,Admin!$A:$A,$A172, Admin!$B:$B,"Med B") -> 42 | N172: =COUNTIFS(Admin!$A:$A,$A172, Admin!$B:$B,"Med B") -> 3 | O172: =IF(N172=0,"Never took B",M172/N172) -> 14 | P172: =IF(D172="", "Never took B", SUMIFS(Admin!$D:$D, Admin!$A:$A,$A172, Admin!$B:$B,"Med B", Admin!$C:$C,D172) ) -> 16 | Q172: =IF(D172="","", EDATE(DATE(YEAR(D172),MONTH(D172),1),1) ) -> 41183 | R172: =IF(Q172="","", SUMIFS(Admin!$D:$D, Admin!$A:$A,$A172, Admin!$B:$B,"Med B", Admin!$C:$C,">="&Q172, Admin!$C:$C,"<"&EDATE(Q172,1)) ) -> 13 | S172: =IF(P172="Never took B","Never took B", IF(R172="No 2nd dose","No 2nd dose", IF(R172=P172,"Same", IF(R172>P172,"Higher","Lower") ) ) ) -> Lower | T172: =IFERROR( AVERAGEIFS( Labs!$D:$D, Labs!$A:$A,$A172, Labs!$C:$C,"LAB B", Labs!$B:$B,"<"&$D172 ), "" ) -> 12.2 | U172: =IFERROR( AVERAGEIFS( Labs!$D:$D, Labs!$A:$A,$A172, Labs!$C:$C,"LAB B", Labs!$B:$B,">="&$D172 ), "" ) -> 11.25
A173: 58 | B173: 41246 | C173: 41246 | F173: =IF(AND(NOT(ISBLANK(B173)),NOT(ISBLANK(D173)),D173 > B173), "Yes", "No") -> No | G173: =IF(AND(ISBLANK(B173), NOT(ISBLANK(D173))), "Yes", "No") -> No | H173: =IF(NOT(ISBLANK(D173)), TEXT(D173, "mmm yyyy"), "Never Started B") -> Never Started B | I173: =IF(OR(B173="",C173=""),"", ((C173-B173)+1)/7) -> 0.14285714 | J173: =IF(I173="","", I173/4.33) -> 0.032992412 | K173: =SUMIFS( Admin!$D:$D, Admin!$A:$A, $A173, Admin!$B:$B, "Med A", Admin!$C:$C, ">=" & $B173, Admin!$C:$C, "<=" & $C173 ) -> 800 | L173: =IF(AND(B173="",C173=""), "Never took A", IF(B173=C173, K173, IF(J173=0, 0, K173/J173) ) ) -> 800 | M173: =SUMIFS(Admin!$D:$D,Admin!$A:$A,$A173, Admin!$B:$B,"Med B") -> 0 | N173: =COUNTIFS(Admin!$A:$A,$A173, Admin!$B:$B,"Med B") -> 0 | O173: =IF(N173=0,"Never took B",M173/N173) -> Never took B | P173: =IF(D173="", "Never took B", SUMIFS(Admin!$D:$D, Admin!$A:$A,$A173, Admin!$B:$B,"Med B", Admin!$C:$C,D173) ) -> Never took B | Q173: =IF(D173="","", EDATE(DATE(YEAR(D173),MONTH(D173),1),1) ) | R173: =IF(Q173="","", SUMIFS(Admin!$D:$D, Admin!$A:$A,$A173, Admin!$B:$B,"Med B", Admin!$C:$C,">="&Q173, Admin!$C:$C,"<"&EDATE(Q173,1)) ) | S173: =IF(P173="Never took B","Never took B", IF(R173="No 2nd dose","No 2nd dose", IF(R173=P173,"Same", IF(R173>P173,"Higher","Lower") ) ) ) -> Never took B | T173: =IFERROR( AVERAGEIFS( Labs!$D:$D, Labs!$A:$A,$A173, Labs!$C:$C,"LAB B", Labs!$B:$B,"<"&$D173 ), "" ) | U173: =IFERROR( AVERAGEIFS( Labs!$D:$D, Labs!$A:$A,$A173, Labs!$C:$C,"LAB B", Labs!$B:$B,">="&$D173 ), "" )
A174: 59 | B174: 41092 | C174: 41122 | F174: =IF(AND(NOT(ISBLANK(B174)),NOT(ISBLANK(D174)),D174 > B174), "Yes", "No") -> No | G174: =IF(AND(ISBLANK(B174), NOT(ISBLANK(D174))), "Yes", "No") -> No | H174: =IF(NOT(ISBLANK(D174)), TEXT(D174, "mmm yyyy"), "Never Started B") -> Never Started B | I174: =IF(OR(B174="",C174=""),"", ((C174-B174)+1)/7) -> 4.4285714 | J174: =IF(I174="","", I174/4.33) -> 1.0227648 | K174: =SUMIFS( Admin!$D:$D, Admin!$A:$A, $A174, Admin!$B:$B, "Med A", Admin!$C:$C, ">=" & $B174, Admin!$C:$C, "<=" & $C174 ) -> 18200 | L174: =IF(AND(B174="",C174=""), "Never took A", IF(B174=C174, K174, IF(J174=0, 0, K174/J174) ) ) -> 17794.903 | M174: =SUMIFS(Admin!$D:$D,Admin!$A:$A,$A174, Admin!$B:$B,"Med B") -> 0 | N174: =COUNTIFS(Admin!$A:$A,$A174, Admin!$B:$B,"Med B") -> 0 | O174: =IF(N174=0,"Never took B",M174/N174) -> Never took B | P174: =IF(D174="", "Never took B", SUMIFS(Admin!$D:$D, Admin!$A:$A,$A174, Admin!$B:$B,"Med B", Admin!$C:$C,D174) ) -> Never took B | Q174: =IF(D174="","", EDATE(DATE(YEAR(D174),MONTH(D174),1),1) ) | R174: =IF(Q174="","", SUMIFS(Admin!$D:$D, Admin!$A:$A,$A174, Admin!$B:$B,"Med B", Admin!$C:$C,">="&Q174, Admin!$C:$C,"<"&EDATE(Q174,1)) ) | S174: =IF(P174="Never took B","Never took B", IF(R174="No 2nd dose","No 2nd dose", IF(R174=P174,"Same", IF(R174>P174,"Higher","Lower") ) ) ) -> Never took B | T174: =IFERROR( AVERAGEIFS( Labs!$D:$D, Labs!$A:$A,$A174, Labs!$C:$C,"LAB B", Labs!$B:$B,"<"&$D174 ), "" ) | U174: =IFERROR( AVERAGEIFS( Labs!$D:$D, Labs!$A:$A,$A174, Labs!$C:$C,"LAB B", Labs!$B:$B,">="&$D174 ), "" )
A175: 60 | B175: 41092 | C175: 41157 | D175: 41165 | E175: 41227 | F175: =IF(AND(NOT(ISBLANK(B175)),NOT(ISBLANK(D175)),D175 > B175), "Yes", "No") -> Yes | G175: =IF(AND(ISBLANK(B175), NOT(ISBLANK(D175))), "Yes", "No") -> No | H175: =IF(NOT(ISBLANK(D175)), TEXT(D175, "mmm yyyy"), "Never Started B") -> Sep 2012 | I175: =IF(OR(B175="",C175=""),"", ((C175-B175)+1)/7) -> 9.4285714 | J175: =IF(I175="","", I175/4.33) -> 2.1774992 | K175: =SUMIFS( Admin!$D:$D, Admin!$A:$A, $A175, Admin!$B:$B, "Med A", Admin!$C:$C, ">=" & $B175, Admin!$C:$C, "<=" & $C175 ) -> 72500 | L175: =IF(AND(B175="",C175=""), "Never took A", IF(B175=C175, K175, IF(J175=0, 0, K175/J175) ) ) -> 33295.076 | M175: =SUMIFS(Admin!$D:$D,Admin!$A:$A,$A175, Admin!$B:$B,"Med B") -> 16 | N175: =COUNTIFS(Admin!$A:$A,$A175, Admin!$B:$B,"Med B") -> 3 | O175: =IF(N175=0,"Never took B",M175/N175) -> 5.3333333 | P175: =IF(D175="", "Never took B", SUMIFS(Admin!$D:$D, Admin!$A:$A,$A175, Admin!$B:$B,"Med B", Admin!$C:$C,D175) ) -> 5 | Q175: =IF(D175="","", EDATE(DATE(YEAR(D175),MONTH(D175),1),1) ) -> 41183 | R175: =IF(Q175="","", SUMIFS(Admin!$D:$D, Admin!$A:$A,$A175, Admin!$B:$B,"Med B", Admin!$C:$C,">="&Q175, Admin!$C:$C,"<"&EDATE(Q175,1)) ) -> 5 | S175: =IF(P175="Never took B","Never took B", IF(R175="No 2nd dose","No 2nd dose", IF(R175=P175,"Same", IF(R175>P175,"Higher","Lower") ) ) ) -> Same | T175: =IFERROR( AVERAGEIFS( Labs!$D:$D, Labs!$A:$A,$A175, Labs!$C:$C,"LAB B", Labs!$B:$B,"<"&$D175 ), "" ) -> 10.76 | U175: =IFERROR( AVERAGEIFS( Labs!$D:$D, Labs!$A:$A,$A175, Labs!$C:$C,"LAB B", Labs!$B:$B,">="&$D175 ), "" ) -> 11.033333
A176: 61 | B176: 41093 | C176: 41149 | F176: =IF(AND(NOT(ISBLANK(B176)),NOT(ISBLANK(D176)),D176 > B176), "Yes", "No") -> No | G176: =IF(AND(ISBLANK(B176), NOT(ISBLANK(D176))), "Yes", "No") -> No | H176: =IF(NOT(ISBLANK(D176)), TEXT(D176, "mmm yyyy"), "Never Started B") -> Never Started B | I176: =IF(OR(B176="",C176=""),"", ((C176-B176)+1)/7) -> 8.1428571 | J176: =IF(I176="","", I176/4.33) -> 1.8805675 | K176: =SUMIFS( Admin!$D:$D, Admin!$A:$A, $A176, Admin!$B:$B, "Med A", Admin!$C:$C, ">=" & $B176, Admin!$C:$C, "<=" & $C176 ) -> 8400 | L176: =IF(AND(B176="",C176=""), "Never took A", IF(B176=C176, K176, IF(J176=0, 0, K176/J176) ) ) -> 4466.7368 | M176: =SUMIFS(Admin!$D:$D,Admin!$A:$A,$A176, Admin!$B:$B,"Med B") -> 0 | N176: =COUNTIFS(Admin!$A:$A,$A176, Admin!$B:$B,"Med B") -> 0 | O176: =IF(N176=0,"Never took B",M176/N176) -> Never took B | P176: =IF(D176="", "Never took B", SUMIFS(Admin!$D:$D, Admin!$A:$A,$A176, Admin!$B:$B,"Med B", Admin!$C:$C,D176) ) -> Never took B | Q176: =IF(D176="","", EDATE(DATE(YEAR(D176),MONTH(D176),1),1) ) | R176: =IF(Q176="","", SUMIFS(Admin!$D:$D, Admin!$A:$A,$A176, Admin!$B:$B,"Med B", Admin!$C:$C,">="&Q176, Admin!$C:$C,"<"&EDATE(Q176,1)) ) | S176: =IF(P176="Never took B","Never took B", IF(R176="No 2nd dose","No 2nd dose", IF(R176=P176,"Same", IF(R176>P176,"Higher","Lower") ) ) ) -> Never took B | T176: =IFERROR( AVERAGEIFS( Labs!$D:$D, Labs!$A:$A,$A176, Labs!$C:$C,"LAB B", Labs!$B:$B,"<"&$D176 ), "" ) | U176: =IFERROR( AVERAGEIFS( Labs!$D:$D, Labs!$A:$A,$A176, Labs!$C:$C,"LAB B", Labs!$B:$B,">="&$D176 ), "" )
A177: 62 | B177: 41155 | C177: 41155 | F177: =IF(AND(NOT(ISBLANK(B177)),NOT(ISBLANK(D177)),D177 > B177), "Yes", "No") -> No | G177: =IF(AND(ISBLANK(B177), NOT(ISBLANK(D177))), "Yes", "No") -> No | H177: =IF(NOT(ISBLANK(D177)), TEXT(D177, "mmm yyyy"), "Never Started B") -> Never Started B | I177: =IF(OR(B177="",C177=""),"", ((C177-B177)+1)/7) -> 0.14285714 | J177: =IF(I177="","", I177/4.33) -> 0.032992412 | K177: =SUMIFS( Admin!$D:$D, Admin!$A:$A, $A177, Admin!$B:$B, "Med A", Admin!$C:$C, ">=" & $B177, Admin!$C:$C, "<=" & $C177 ) -> 1400 | L177: =IF(AND(B177="",C177=""), "Never took A", IF(B177=C177, K177, IF(J177=0, 0, K177/J177) ) ) -> 1400 | M177: =SUMIFS(Admin!$D:$D,Admin!$A:$A,$A177, Admin!$B:$B,"Med B") -> 0 | N177: =COUNTIFS(Admin!$A:$A,$A177, Admin!$B:$B,"Med B") -> 0 | O177: =IF(N177=0,"Never took B",M177/N177) -> Never took B | P177: =IF(D177="", "Never took B", SUMIFS(Admin!$D:$D, Admin!$A:$A,$A177, Admin!$B:$B,"Med B", Admin!$C:$C,D177) ) -> Never took B | Q177: =IF(D177="","", EDATE(DATE(YEAR(D177),MONTH(D177),1),1) ) | R177: =IF(Q177="","", SUMIFS(Admin!$D:$D, Admin!$A:$A,$A177, Admin!$B:$B,"Med B", Admin!$C:$C,">="&Q177, Admin!$C:$C,"<"&EDATE(Q177,1)) ) | S177: =IF(P177="Never took B","Never took B", IF(R177="No 2nd dose","No 2nd dose", IF(R177=P177,"Same", IF(R177>P177,"Higher","Lower") ) ) ) -> Never took B | T177: =IFERROR( AVERAGEIFS( Labs!$D:$D, Labs!$A:$A,$A177, Labs!$C:$C,"LAB B", Labs!$B:$B,"<"&$D177 ), "" ) | U177: =IFERROR( AVERAGEIFS( Labs!$D:$D, Labs!$A:$A,$A177, Labs!$C:$C,"LAB B", Labs!$B:$B,">="&$D177 ), "" )
A178: 63 | B178: 41092 | C178: 41138 | D178: 41164 | E178: 41192 | F178: =IF(AND(NOT(ISBLANK(B178)),NOT(ISBLANK(D178)),D178 > B178), "Yes", "No") -> Yes | G178: =IF(AND(ISBLANK(B178), NOT(ISBLANK(D178))), "Yes", "No") -> No | H178: =IF(NOT(ISBLANK(D178)), TEXT(D178, "mmm yyyy"), "Never Started B") -> Sep 2012 | I178: =IF(OR(B178="",C178=""),"", ((C178-B178)+1)/7) -> 6.7142857 | J178: =IF(I178="","", I178/4.33) -> 1.5506434 | K178: =SUMIFS( Admin!$D:$D, Admin!$A:$A, $A178, Admin!$B:$B, "Med A", Admin!$C:$C, ">=" & $B178, Admin!$C:$C, "<=" & $C178 ) -> 84000 | L178: =IF(AND(B178="",C178=""), "Never took A", IF(B178=C178, K178, IF(J178=0, 0, K178/J178) ) ) -> 54171.064 | M178: =SUMIFS(Admin!$D:$D,Admin!$A:$A,$A178, Admin!$B:$B,"Med B") -> 11 | N178: =COUNTIFS(Admin!$A:$A,$A178, Admin!$B:$B,"Med B") -> 2 | O178: =IF(N178=0,"Never took B",M178/N178) -> 5.5 | P178: =IF(D178="", "Never took B", SUMIFS(Admin!$D:$D, Admin!$A:$A,$A178, Admin!$B:$B,"Med B", Admin!$C:$C,D178) ) -> 6 | Q178: =IF(D178="","", EDATE(DATE(YEAR(D178),MONTH(D178),1),1) ) -> 41183 | R178: =IF(Q178="","", SUMIFS(Admin!$D:$D, Admin!$A:$A,$A178, Admin!$B:$B,"Med B", Admin!$C:$C,">="&Q178, Admin!$C:$C,"<"&EDATE(Q178,1)) ) -> 5 | S178: =IF(P178="Never took B","Never took B", IF(R178="No 2nd dose","No 2nd dose", IF(R178=P178,"Same", IF(R178>P178,"Higher","Lower") ) ) ) -> Lower | T178: =IFERROR( AVERAGEIFS( Labs!$D:$D, Labs!$A:$A,$A178, Labs!$C:$C,"LAB B", Labs!$B:$B,"<"&$D178 ), "" ) -> 11.383333 | U178: =IFERROR( AVERAGEIFS( Labs!$D:$D, Labs!$A:$A,$A178, Labs!$C:$C,"LAB B", Labs!$B:$B,">="&$D178 ), "" ) -> 10.683333
A179: 64 | B179: 41127 | C179: 41157 | F179: =IF(AND(NOT(ISBLANK(B179)),NOT(ISBLANK(D179)),D179 > B179), "Yes", "No") -> No | G179: =IF(AND(ISBLANK(B179), NOT(ISBLANK(D179))), "Yes", "No") -> No | H179: =IF(NOT(ISBLANK(D179)), TEXT(D179, "mmm yyyy"), "Never Started B") -> Never Started B | I179: =IF(OR(B179="",C179=""),"", ((C179-B179)+1)/7) -> 4.4285714 | J179: =IF(I179="","", I179/4.33) -> 1.0227648 | K179: =SUMIFS( Admin!$D:$D, Admin!$A:$A, $A179, Admin!$B:$B, "Med A", Admin!$C:$C, ">=" & $B179, Admin!$C:$C, "<=" & $C179 ) -> 79800 | L179: =IF(AND(B179="",C179=""), "Never took A", IF(B179=C179, K179, IF(J179=0, 0, K179/J179) ) ) -> 78023.806 | M179: =SUMIFS(Admin!$D:$D,Admin!$A:$A,$A179, Admin!$B:$B,"Med B") -> 0 | N179: =COUNTIFS(Admin!$A:$A,$A179, Admin!$B:$B,"Med B") -> 0 | O179: =IF(N179=0,"Never took B",M179/N179) -> Never took B | P179: =IF(D179="", "Never took B", SUMIFS(Admin!$D:$D, Admin!$A:$A,$A179, Admin!$B:$B,"Med B", Admin!$C:$C,D179) ) -> Never took B | Q179: =IF(D179="","", EDATE(DATE(YEAR(D179),MONTH(D179),1),1) ) | R179: =IF(Q179="","", SUMIFS(Admin!$D:$D, Admin!$A:$A,$A179, Admin!$B:$B,"Med B", Admin!$C:$C,">="&Q179, Admin!$C:$C,"<"&EDATE(Q179,1)) ) | S179: =IF(P179="Never took B","Never took B", IF(R179="No 2nd dose","No 2nd dose", IF(R179=P179,"Same", IF(R179>P179,"Higher","Lower") ) ) ) -> Never took B | T179: =IFERROR( AVERAGEIFS( Labs!$D:$D, Labs!$A:$A,$A179, Labs!$C:$C,"LAB B", Labs!$B:$B,"<"&$D179 ), "" ) | U179: =IFERROR( AVERAGEIFS( Labs!$D:$D, Labs!$A:$A,$A179, Labs!$C:$C,"LAB B", Labs!$B:$B,">="&$D179 ), "" )
A180: 65 | B180: 41093 | C180: 41158 | D180: 41165 | E180: 41193 | F180: =IF(AND(NOT(ISBLANK(B180)),NOT(ISBLANK(D180)),D180 > B180), "Yes", "No") -> Yes | G180: =IF(AND(ISBLANK(B180), NOT(ISBLANK(D180))), "Yes", "No") -> No | H180: =IF(NOT(ISBLANK(D180)), TEXT(D180, "mmm yyyy"), "Never Started B") -> Sep 2012 | I180: =IF(OR(B180="",C180=""),"", ((C180-B180)+1)/7) -> 9.4285714 | J180: =IF(I180="","", I180/4.33) -> 2.1774992 | K180: =SUMIFS( Admin!$D:$D, Admin!$A:$A, $A180, Admin!$B:$B, "Med A", Admin!$C:$C, ">=" & $B180, Admin!$C:$C, "<=" & $C180 ) -> 540200 | L180: =IF(AND(B180="",C180=""), "Never took A", IF(B180=C180, K180, IF(J180=0, 0, K180/J180) ) ) -> 248082.76 | M180: =SUMIFS(Admin!$D:$D,Admin!$A:$A,$A180, Admin!$B:$B,"Med B") -> 32 | N180: =COUNTIFS(Admin!$A:$A,$A180, Admin!$B:$B,"Med B") -> 2 | O180: =IF(N180=0,"Never took B",M180/N180) -> 16 | P180: =IF(D180="", "Never took B", SUMIFS(Admin!$D:$D, Admin!$A:$A,$A180, Admin!$B:$B,"Med B", Admin!$C:$C,D180) ) -> 16 | Q180: =IF(D180="","", EDATE(DATE(YEAR(D180),MONTH(D180),1),1) ) -> 41183 | R180: =IF(Q180="","", SUMIFS(Admin!$D:$D, Admin!$A:$A,$A180, Admin!$B:$B,"Med B", Admin!$C:$C,">="&Q180, Admin!$C:$C,"<"&EDATE(Q180,1)) ) -> 16 | S180: =IF(P180="Never took B","Never took B", IF(R180="No 2nd dose","No 2nd dose", IF(R180=P180,"Same", IF(R180>P180,"Higher","Lower") ) ) ) -> Same | T180: =IFERROR( AVERAGEIFS( Labs!$D:$D, Labs!$A:$A,$A180, Labs!$C:$C,"LAB B", Labs!$B:$B,"<"&$D180 ), "" ) -> 8.54 | U180: =IFERROR( AVERAGEIFS( Labs!$D:$D, Labs!$A:$A,$A180, Labs!$C:$C,"LAB B", Labs!$B:$B,">="&$D180 ), "" ) -> 8.2625
A181: 66 | B181: 41092 | C181: 41157 | D181: 41208 | E181: 41227 | F181: =IF(AND(NOT(ISBLANK(B181)),NOT(ISBLANK(D181)),D181 > B181), "Yes", "No") -> Yes | G181: =IF(AND(ISBLANK(B181), NOT(ISBLANK(D181))), "Yes", "No") -> No | H181: =IF(NOT(ISBLANK(D181)), TEXT(D181, "mmm yyyy"), "Never Started B") -> Oct 2012 | I181: =IF(OR(B181="",C181=""),"", ((C181-B181)+1)/7) -> 9.4285714 | J181: =IF(I181="","", I181/4.33) -> 2.1774992 | K181: =SUMIFS( Admin!$D:$D, Admin!$A:$A, $A181, Admin!$B:$B, "Med A", Admin!$C:$C, ">=" & $B181, Admin!$C:$C, "<=" & $C181 ) -> 80700 | L181: =IF(AND(B181="",C181=""), "Never took A", IF(B181=C181, K181, IF(J181=0, 0, K181/J181) ) ) -> 37060.864 | M181: =SUMIFS(Admin!$D:$D,Admin!$A:$A,$A181, Admin!$B:$B,"Med B") -> 9 | N181: =COUNTIFS(Admin!$A:$A,$A181, Admin!$B:$B,"Med B") -> 3 | O181: =IF(N181=0,"Never took B",M181/N181) -> 3 | P181: =IF(D181="", "Never took B", SUMIFS(Admin!$D:$D, Admin!$A:$A,$A181, Admin!$B:$B,"Med B", Admin!$C:$C,D181) ) -> 6 | Q181: =IF(D181="","", EDATE(DATE(YEAR(D181),MONTH(D181),1),1) ) -> 41214 | R181: =IF(Q181="","", SUMIFS(Admin!$D:$D, Admin!$A:$A,$A181, Admin!$B:$B,"Med B", Admin!$C:$C,">="&Q181, Admin!$C:$C,"<"&EDATE(Q181,1)) ) -> 1 | S181: =IF(P181="Never took B","Never took B", IF(R181="No 2nd dose","No 2nd dose", IF(R181=P181,"Same", IF(R181>P181,"Higher","Lower") ) ) ) -> Lower | T181: =IFERROR( AVERAGEIFS( Labs!$D:$D, Labs!$A:$A,$A181, Labs!$C:$C,"LAB B", Labs!$B:$B,"<"&$D181 ), "" ) -> 10.48 | U181: =IFERROR( AVERAGEIFS( Labs!$D:$D, Labs!$A:$A,$A181, Labs!$C:$C,"LAB B", Labs!$B:$B,">="&$D181 ), "" ) -> 10.475
A182: 67 | B182: 41093 | C182: 41137 | D182: 41193 | E182: 41228 | F182: =IF(AND(NOT(ISBLANK(B182)),NOT(ISBLANK(D182)),D182 > B182), "Yes", "No") -> Yes | G182: =IF(AND(ISBLANK(B182), NOT(ISBLANK(D182))), "Yes", "No") -> No | H182: =IF(NOT(ISBLANK(D182)), TEXT(D182, "mmm yyyy"), "Never Started B") -> Oct 2012 | I182: =IF(OR(B182="",C182=""),"", ((C182-B182)+1)/7) -> 6.4285714 | J182: =IF(I182="","", I182/4.33) -> 1.4846585 | K182: =SUMIFS( Admin!$D:$D, Admin!$A:$A, $A182, Admin!$B:$B, "Med A", Admin!$C:$C, ">=" & $B182, Admin!$C:$C, "<=" & $C182 ) -> 166000 | L182: =IF(AND(B182="",C182=""), "Never took A", IF(B182=C182, K182, IF(J182=0, 0, K182/J182) ) ) -> 111810.22 | M182: =SUMIFS(Admin!$D:$D,Admin!$A:$A,$A182, Admin!$B:$B,"Med B") -> 3 | N182: =COUNTIFS(Admin!$A:$A,$A182, Admin!$B:$B,"Med B") -> 2 | O182: =IF(N182=0,"Never took B",M182/N182) -> 1.5 | P182: =IF(D182="", "Never took B", SUMIFS(Admin!$D:$D, Admin!$A:$A,$A182, Admin!$B:$B,"Med B", Admin!$C:$C,D182) ) -> 1 | Q182: =IF(D182="","", EDATE(DATE(YEAR(D182),MONTH(D182),1),1) ) -> 41214 | R182: =IF(Q182="","", SUMIFS(Admin!$D:$D, Admin!$A:$A,$A182, Admin!$B:$B,"Med B", Admin!$C:$C,">="&Q182, Admin!$C:$C,"<"&EDATE(Q182,1)) ) -> 2 | S182: =IF(P182="Never took B","Never took B", IF(R182="No 2nd dose","No 2nd dose", IF(R182=P182,"Same", IF(R182>P182,"Higher","Lower") ) ) ) -> Higher | T182: =IFERROR( AVERAGEIFS( Labs!$D:$D, Labs!$A:$A,$A182, Labs!$C:$C,"LAB B", Labs!$B:$B,"<"&$D182 ), "" ) -> 11.375 | U182: =IFERROR( AVERAGEIFS( Labs!$D:$D, Labs!$A:$A,$A182, Labs!$C:$C,"LAB B", Labs!$B:$B,">="&$D182 ), "" ) -> 10.666667
A183: 68 | D183: 41242 | E183: 41242 | F183: =IF(AND(NOT(ISBLANK(B183)),NOT(ISBLANK(D183)),D183 > B183), "Yes", "No") -> No | G183: =IF(AND(ISBLANK(B183), NOT(ISBLANK(D183))), "Yes", "No") -> Yes | H183: =IF(NOT(ISBLANK(D183)), TEXT(D183, "mmm yyyy"), "Never Started B") -> Nov 2012 | I183: =IF(OR(B183="",C183=""),"", ((C183-B183)+1)/7) | J183: =IF(I183="","", I183/4.33) | K183: =SUMIFS( Admin!$D:$D, Admin!$A:$A, $A183, Admin!$B:$B, "Med A", Admin!$C:$C, ">=" & $B183, Admin!$C:$C, "<=" & $C183 ) -> 0 | L183: =IF(AND(B183="",C183=""), "Never took A", IF(B183=C183, K183, IF(J183=0, 0, K183/J183) ) ) -> Never took A | M183: =SUMIFS(Admin!$D:$D,Admin!$A:$A,$A183, Admin!$B:$B,"Med B") -> 4 | N183: =COUNTIFS(Admin!$A:$A,$A183, Admin!$B:$B,"Med B") -> 1 | O183: =IF(N183=0,"Never took B",M183/N183) -> 4 | P183: =IF(D183="", "Never took B", SUMIFS(Admin!$D:$D, Admin!$A:$A,$A183, Admin!$B:$B,"Med B", Admin!$C:$C,D183) ) -> 4 | Q183: =IF(D183="","", EDATE(DATE(YEAR(D183),MONTH(D183),1),1) ) -> 41244 | R183: =IF(Q183="","", SUMIFS(Admin!$D:$D, Admin!$A:$A,$A183, Admin!$B:$B,"Med B", Admin!$C:$C,">="&Q183, Admin!$C:$C,"<"&EDATE(Q183,1)) ) -> 0 | S183: =IF(P183="Never took B","Never took B", IF(R183="No 2nd dose","No 2nd dose", IF(R183=P183,"Same", IF(R183>P183,"Higher","Lower") ) ) ) -> Lower | T183: =IFERROR( AVERAGEIFS( Labs!$D:$D, Labs!$A:$A,$A183, Labs!$C:$C,"LAB B", Labs!$B:$B,"<"&$D183 ), "" ) -> 9.4 | U183: =IFERROR( AVERAGEIFS( Labs!$D:$D, Labs!$A:$A,$A183, Labs!$C:$C,"LAB B", Labs!$B:$B,">="&$D183 ), "" )
A184: 69 | B184: 41093 | C184: 41158 | D184: 41165 | E184: 41228 | F184: =IF(AND(NOT(ISBLANK(B184)),NOT(ISBLANK(D184)),D184 > B184), "Yes", "No") -> Yes | G184: =IF(AND(ISBLANK(B184), NOT(ISBLANK(D184))), "Yes", "No") -> No | H184: =IF(NOT(ISBLANK(D184)), TEXT(D184, "mmm yyyy"), "Never Started B") -> Sep 2012 | I184: =IF(OR(B184="",C184=""),"", ((C184-B184)+1)/7) -> 9.4285714 | J184: =IF(I184="","", I184/4.33) -> 2.1774992 | K184: =SUMIFS( Admin!$D:$D, Admin!$A:$A, $A184, Admin!$B:$B, "Med A", Admin!$C:$C, ">=" & $B184, Admin!$C:$C, "<=" & $C184 ) -> 54400 | L184: =IF(AND(B184="",C184=""), "Never took A", IF(B184=C184, K184, IF(J184=0, 0, K184/J184) ) ) -> 24982.788 | M184: =SUMIFS(Admin!$D:$D,Admin!$A:$A,$A184, Admin!$B:$B,"Med B") -> 15 | N184: =COUNTIFS(Admin!$A:$A,$A184, Admin!$B:$B,"Med B") -> 3 | O184: =IF(N184=0,"Never took B",M184/N184) -> 5 | P184: =IF(D184="", "Never took B", SUMIFS(Admin!$D:$D, Admin!$A:$A,$A184, Admin!$B:$B,"Med B", Admin!$C:$C,D184) ) -> 5 | Q184: =IF(D184="","", EDATE(DATE(YEAR(D184),MONTH(D184),1),1) ) -> 41183 | R184: =IF(Q184="","", SUMIFS(Admin!$D:$D, Admin!$A:$A,$A184, Admin!$B:$B,"Med B", Admin!$C:$C,">="&Q184, Admin!$C:$C,"<"&EDATE(Q184,1)) ) -> 5 | S184: =IF(P184="Never took B","Never took B", IF(R184="No 2nd dose","No 2nd dose", IF(R184=P184,"Same", IF(R184>P184,"Higher","Lower") ) ) ) -> Same | T184: =IFERROR( AVERAGEIFS( Labs!$D:$D, Labs!$A:$A,$A184, Labs!$C:$C,"LAB B", Labs!$B:$B,"<"&$D184 ), "" ) -> 10.08 | U184: =IFERROR( AVERAGEIFS( Labs!$D:$D, Labs!$A:$A,$A184, Labs!$C:$C,"LAB B", Labs!$B:$B,">="&$D184 ), "" ) -> 10.94
A185: 70 | B185: 41092 | C185: 41124 | F185: =IF(AND(NOT(ISBLANK(B185)),NOT(ISBLANK(D185)),D185 > B185), "Yes", "No") -> No | G185: =IF(AND(ISBLANK(B185), NOT(ISBLANK(D185))), "Yes", "No") -> No | H185: =IF(NOT(ISBLANK(D185)), TEXT(D185, "mmm yyyy"), "Never Started B") -> Never Started B | I185: =IF(OR(B185="",C185=""),"", ((C185-B185)+1)/7) -> 4.7142857 | J185: =IF(I185="","", I185/4.33) -> 1.0887496 | K185: =SUMIFS( Admin!$D:$D, Admin!$A:$A, $A185, Admin!$B:$B, "Med A", Admin!$C:$C, ">=" & $B185, Admin!$C:$C, "<=" & $C185 ) -> 95000 | L185: =IF(AND(B185="",C185=""), "Never took A", IF(B185=C185, K185, IF(J185=0, 0, K185/J185) ) ) -> 87256.061 | M185: =SUMIFS(Admin!$D:$D,Admin!$A:$A,$A185, Admin!$B:$B,"Med B") -> 0 | N185: =COUNTIFS(Admin!$A:$A,$A185, Admin!$B:$B,"Med B") -> 0 | O185: =IF(N185=0,"Never took B",M185/N185) -> Never took B | P185: =IF(D185="", "Never took B", SUMIFS(Admin!$D:$D, Admin!$A:$A,$A185, Admin!$B:$B,"Med B", Admin!$C:$C,D185) ) -> Never took B | Q185: =IF(D185="","", EDATE(DATE(YEAR(D185),MONTH(D185),1),1) ) | R185: =IF(Q185="","", SUMIFS(Admin!$D:$D, Admin!$A:$A,$A185, Admin!$B:$B,"Med B", Admin!$C:$C,">="&Q185, Admin!$C:$C,"<"&EDATE(Q185,1)) ) | S185: =IF(P185="Never took B","Never took B", IF(R185="No 2nd dose","No 2nd dose", IF(R185=P185,"Same", IF(R185>P185,"Higher","Lower") ) ) ) -> Never took B | T185: =IFERROR( AVERAGEIFS( Labs!$D:$D, Labs!$A:$A,$A185, Labs!$C:$C,"LAB B", Labs!$B:$B,"<"&$D185 ), "" ) | U185: =IFERROR( AVERAGEIFS( Labs!$D:$D, Labs!$A:$A,$A185, Labs!$C:$C,"LAB B", Labs!$B:$B,">="&$D185 ), "" )
...

Sheet Admin
A1: ID | B1: Med | C1: Admin Date | D1: Units | E1: Month | G1: ***Please only use Excel to complete the practical test***
A2: 1 | B2: Med A | C2: 41092 | D2: 1500 | E2: =TEXT(C2,"mmm yyyy") -> Jul 2012
A3: 1 | B3: Med A | C3: 41096 | D3: 1500 | E3: =TEXT(C3,"mmm yyyy") -> Jul 2012
A4: 1 | B4: Med A | C4: 41099 | D4: 1500 | E4: =TEXT(C4,"mmm yyyy") -> Jul 2012
A5: 1 | B5: Med A | C5: 41101 | D5: 1500 | E5: =TEXT(C5,"mmm yyyy") -> Jul 2012
A6: 1 | B6: Med A | C6: 41103 | D6: 1500 | E6: =TEXT(C6,"mmm yyyy") -> Jul 2012
A7: 1 | B7: Med A | C7: 41106 | D7: 1500 | E7: =TEXT(C7,"mmm yyyy") -> Jul 2012
A8: 1 | B8: Med A | C8: 41110 | D8: 1500 | E8: =TEXT(C8,"mmm yyyy") -> Jul 2012
A9: 1 | B9: Med A | C9: 41113 | D9: 1500 | E9: =TEXT(C9,"mmm yyyy") -> Jul 2012
A10: 1 | B10: Med A | C10: 41115 | D10: 1700 | E10: =TEXT(C10,"mmm yyyy") -> Jul 2012
A11: 1 | B11: Med A | C11: 41117 | D11: 1700 | E11: =TEXT(C11,"mmm yyyy") -> Jul 2012
A12: 1 | B12: Med A | C12: 41120 | D12: 1700 | E12: =TEXT(C12,"mmm yyyy") -> Jul 2012
A13: 1 | B13: Med A | C13: 41122 | D13: 1700 | E13: =TEXT(C13,"mmm yyyy") -> Aug 2012
... A2023: 129 | B2023: Med B | C2023: 41165 | D2023: 10 | E2023: =TEXT(C2023,"mmm yyyy") -> Sep 2012

Sheet Labs
A1: ID | B1: DRAW_DATE | C1: LAB_RESULT_CODE | D1: LAB_VALUE
A2: 1 | B2: 41094 | C2: LAB A | D2: 679
A3: 1 | B3: 41122 | C3: LAB A | D3: 621
A4: 1 | B4: 41157 | C4: LAB A | D4: 915
A5: 1 | B5: 41185 | C5: LAB A | D5: 848
A6: 1 | B6: 41220 | C6: LAB A | D6: 845
A7: 1 | B7: 41248 | C7: LAB A | D7: 611
A8: 1 | B8: 41094 | C8: LAB B | D8: 10.7
A9: 1 | B9: 41110 | C9: LAB B | D9: 10.2
A10: 1 | B10: 41122 | C10: LAB B | D10: 10.3
A11: 1 | B11: 41138 | C11: LAB B | D11: 10.3
A12: 1 | B12: 41157 | C12: LAB B | D12: 10.4
A13: 1 | B13: 41171 | C13: LAB B | D13: 10.7
... A211: 12 | B211: 41185 | C211: LAB C | D211: 19
A212: #N/A | B212: 41094 | C212: LAB A | D212: 694
A213: #N/A | B213: 41122 | C213: LAB A | D213: 955
A214: #N/A | B214: 41172 | C214: LAB A | D214: 675
A215: #N/A | B215: 41185 | C215: LAB A | D215: 1049
A216: #N/A | B216: 41220 | C216: LAB A | D216: 626
A217: #N/A | B217: 41094 | C217: LAB B | D217: 11.7
A218: #N/A | B218: 41101 | C218: LAB B | D218: 12.1
A219: #N/A | B219: 41108 | C219: LAB B | D219: 11.8
A220: #N/A | B220: 41115 | C220: LAB B | D220: 12
A221: #N/A | B221: 41122 | C221: LAB B | D221: 12.2
A222: #N/A | B222: 41129 | C222: LAB B | D222: 12.7
A223: #N/A | B223: 41136 | C223: LAB B | D223: 12
... A236: #N/A | B236: 41220 | C236: LAB C | D236: 27
A237: 14 | B237: 41094 | C237: LAB A | D237: 696
A238: 14 | B238: 41122 | C238: LAB A | D238: 1284
A239: 14 | B239: 41157 | C239: LAB A | D239: 1462
A240: 14 | B240: 41094 | C240: LAB B | D240: 10.8
A241: 14 | B241: 41108 | C241: LAB B | D241: 11.2
A242: 14 | B242: 41122 | C242: LAB B | D242: 11
A243: 14 | B243: 41136 | C243: LAB B | D243: 11.1
A244: 14 | B244: 41157 | C244: LAB B | D244: 11.9
A245: 14 | B245: 41171 | C245: LAB B | D245: 11.1
A246: 14 | B246: 41094 | C246: LAB C | D246: 19
A247: 14 | B247: 41122 | C247: LAB C | D247: 14
A248: 14 | B248: 41157 | C248: LAB C | D248: 34
... A273: 15 | B273: 41248 | C273: LAB C | D273: 29
A274: #N/A | B274: 41134 | C274: LAB A | D274: 1091
A275: #N/A | B275: 41134 | C275: LAB B | D275: 10
A276: #N/A | B276: 41135 | C276: LAB B | D276: 9.6
A277: #N/A | B277: 41137 | C277: LAB B | D277: 9.5
A278: #N/A | B278: 41134 | C278: LAB C | D278: 16
A279: 16 | B279: 41095 | C279: LAB A | D279: 437
A280: 16 | B280: 41123 | C280: LAB A | D280: 510
A281: 16 | B281: 41156 | C281: LAB A | D281: 339
A282: 16 | B282: 41186 | C282: LAB A | D282: 684
A283: 16 | B283: 41221 | C283: LAB A | D283: 892
A284: 16 | B284: 41095 | C284: LAB B | D284: 10.4
A285: 16 | B285: 41109 | C285: LAB B | D285: 11.4
A286: 16 | B286: 41123 | C286: LAB B | D286: 10.1
A287: 16 | B287: 41137 | C287: LAB B | D287: 9.9
A288: 16 | B288: 41158 | C288: LAB B | D288: 11
A289: 16 | B289: 41172 | C289: LAB B | D289: 10.3
A290: 16 | B290: 41186 | C290: LAB B | D290: 11.8
... A519: 29 | B519: 41223 | C519: LAB C | D519: 34
A520: #N/A | B520: 41211 | C520: LAB A | D520: 1007
A521: #N/A | B521: 41222 | C521: LAB A | D521: 1162
A522: #N/A | B522: 41248 | C522: LAB A | D522: 1587
A523: #N/A | B523: 41211 | C523: LAB B | D523: 10.8
A524: #N/A | B524: 41222 | C524: LAB B | D524: 11.8
A525: #N/A | B525: 41233 | C525: LAB B | D525: 11.9
A526: #N/A | B526: 41248 | C526: LAB B | D526: 11.9
A527: #N/A | B527: 41211 | C527: LAB C | D527: 13
A528: #N/A | B528: 41222 | C528: LAB C | D528: 19
A529: #N/A | B529: 41248 | C529: LAB C | D529: 30
A530: 30 | B530: 41094 | C530: LAB A | D530: 1053
A531: 30 | B531: 41122 | C531: LAB A | D531: 1515
A532: 30 | B532: 41156 | C532: LAB A | D532: 1039
A533: 30 | B533: 41186 | C533: LAB A | D533: 753
A534: 30 | B534: 41221 | C534: LAB A | D534: 1244
A535: 30 | B535: 41094 | C535: LAB B | D535: 10.8
A536: 30 | B536: 41108 | C536: LAB B | D536: 11.9
A537: 30 | B537: 41115 | C537: LAB B | D537: 11
A538: 30 | B538: 41122 | C538: LAB B | D538: 10.6
A539: 30 | B539: 41136 | C539: LAB B | D539: 10.4
A540: 30 | B540: 41156 | C540: LAB B | D540: 10.8
A541: 30 | B541: 41172 | C541: LAB B | D541: 11.1
... A665: 36 | B665: 41248 | C665: LAB C | D665: 63
A666: #N/A | B666: 41116 | C666: LAB A | D666: 666
A667: #N/A | B667: 41116 | C667: LAB B | D667: 9
A668: #N/A | B668: 41116 | C668: LAB C | D668: 83
A669: 37 | B669: 41170 | C669: LAB A | D669: 497
A670: 37 | B670: 41186 | C670: LAB A | D670: 381
A671: 37 | B671: 41221 | C671: LAB A | D671: 615
A672: 37 | B672: 41170 | C672: LAB B | D672: 10.2
A673: 37 | B673: 41172 | C673: LAB B | D673: 10.4
A674: 37 | B674: 41186 | C674: LAB B | D674: 10.3
A675: 37 | B675: 41200 | C675: LAB B | D675: 10.9
A676: 37 | B676: 41221 | C676: LAB B | D676: 11.2
A677: 37 | B677: 41232 | C677: LAB B | D677: 11.6
A678: 37 | B678: 41170 | C678: LAB C | D678: 25
A679: 37 | B679: 41186 | C679: LAB C | D679: 36
A680: 37 | B680: 41221 | C680: LAB C | D680: 39
... A759: 42 | B759: 41248 | C759: LAB C | D759: 25
A760: #N/A | B760: 41094 | C760: LAB A | D760: 794
A761: #N/A | B761: 41122 | C761: LAB A | D761: 638
A762: #N/A | B762: 41157 | C762: LAB A | D762: 617
...
